aMSa1,aMSa,curAxiH,samaGAwe
aMsa1,aMsa,curAxiH,samAGAwe
aki1,aki,curAxiH,lakRaNe
ak1,akaz,BvAxiH,kutilAyAM_gawO
ak2,akiz,BvAxiH,lakRaNe
akR1,akRUz,BvAxiH,vyApwO
akR1,akRUz,BvAxiH,safGAwe
ag1,agaz,BvAxiH,kutilAyAM_gawO
ag2,agiz,BvAxiH,gawO
aG1,aGiz,BvAxiH,gawyAkRepe
afka1,afka,curAxiH,paxe
afka1,afka,curAxiH,lakRaNe
afga1,afga,curAxiH,paxe
afga1,afga,curAxiH,lakRaNe
ac1,aciz,BvAxiH,gawO
aj1,ajaz,BvAxiH,kRepaNe
aj1,ajaz,BvAxiH,gawO
aj2,ajiz,curAxiH,BARArWe
aj2,ajiz,curAxiH,BAsArWe
at1,ataz,BvAxiH,gawO
at2,atiz,BvAxiH,gawO
aT1,aTaz,BvAxiH,gawO
aT2,aTiz,BvAxiH,gawO
ad1,adaz,BvAxiH,uxyamane
aN2,aNaz,xivAxiH,prANane
aN1,aNaz,BvAxiH,Sabxe
aw1,awaz,BvAxiH,sAwawyagamane
aw2,awiz,BvAxiH,banXane
awt1,awtaz,BvAxiH,awikramaNe
awt2,awtaz,curAxiH,anAxare
awt1,awtaz,BvAxiH,hiMsAyAm
ax2,axaz,axAxiH,BakRaNe
ax1,axiz,BvAxiH,banXane
axd1,axdaz,BvAxiH,aBiyoge
anu-ruX1,anu-ruXaz,xivAxiH,kAme
an1,anaz,axAxiH,prANane
anc1,ancuz,BvAxiH,gawO
anc1,ancuz,BvAxiH,pUjane
anc1,ancuz,BvAxiH,yAFcAyAm
anc2,ancuz,curAxiH,viSeRaNe
anj1,anjUz,ruXAxiH,kAnwO
anj1,anjUz,ruXAxiH,gawO
anj1,anjUz,ruXAxiH,mrakRaNe
anj1,anjUz,ruXAxiH,vyakwO
anXa1,anXa,curAxiH,xqRtyupaGAwe
ab1,abiz,BvAxiH,Sabxe
aBr1,aBraz,BvAxiH,gawO
am1,amaz,BvAxiH,gawO
am2,amaz,curAxiH,roge
ay1,ayaz,BvAxiH,gawO
ark1,arkaz,curAxiH,swavane
arc2,arcaz,curAxiH,pUjAyAm
arc1,arcaz,BvAxiH,pUjAyAm
arj1,arjaz,BvAxiH,arjane
arj2,arjaz,curAxiH,prawiyawne
arWa1,arWa,curAxiH,upayAFcAyAm
arx1,arxaz,BvAxiH,gawO
arx1,arxaz,BvAxiH,yAFcAyAm
arx2,arxaz,curAxiH,hiMsAyAm
arb1,arbaz,BvAxiH,gawO
arv1,arvaz,BvAxiH,hiMsAyAm
arh2,arhaz,curAxiH,pUjAyAm
arh1,arhaz,BvAxiH,pUjAyAm
al1,alaz,BvAxiH,paryApwO
al1,alaz,BvAxiH,BURAyAm
al1,alaz,BvAxiH,vAraNe
av1,avaz,BvAxiH,avagamane
av1,avaz,BvAxiH,avApwO
av1,avaz,BvAxiH,Alifgane
av1,avaz,BvAxiH,icCAyAm
av1,avaz,BvAxiH,kAnwO
av1,avaz,BvAxiH,kriyAyAm
av1,avaz,BvAxiH,gawO
av1,avaz,BvAxiH,wqpwO
av1,avaz,BvAxiH,xAne
av1,avaz,BvAxiH,xIpwO
av1,avaz,BvAxiH,praveSane
av1,avaz,BvAxiH,prIwO
av1,avaz,BvAxiH,BAge
av1,avaz,BvAxiH,yAFcAyAm
av1,avaz,BvAxiH,rakRaNe
av1,avaz,BvAxiH,vqxXO
av1,avaz,BvAxiH,SravaNe
av1,avaz,BvAxiH,svAmyarWe
av1,avaz,BvAxiH,hiMsAyAm
aS2,aSaz,kryAxiH,Bojane
aS1,aSUz,svAxiH,vyApwO
aS1,aSUz,svAxiH,safGAwe
as1,asaz,BvAxiH,AxAne
as1,asaz,BvAxiH,gawO
as1,asaz,BvAxiH,xIpwO
as2,asaz,axAxiH,Buvi
as3,asuz,xivAxiH,kRepaNe
asw1,aswaz,curAxiH,safGAwe
ah2,ahaz,svAxiH,vyApwO
ah1,ahiz,BvAxiH,gawO
ah3,ahiz,curAxiH,BARArWe
ah3,ahiz,curAxiH,BAsArWe
AfaH-kranx1,AfaH-kranxaz,curAxiH,sAwawye
AfaH-Sas1,AfaH-Sasiz,BvAxiH,icCAyAm
AfaH-SAs1,AfaH-SAsuz,axAxiH,icCAyAm
AfaH-Rax1,AfaH-Raxaz,curAxiH,paxyarWe
AC1,ACiz,BvAxiH,AyAme
Ap2,ApLz,curAxiH,lamBane
Ap1,ApLz,svAxiH,vyApwO
As1,Asaz,axAxiH,upaveSane
i3,i,BvAxiH,gawO
i4,ik,axAxiH,smaraNe
i2,if,axAxiH,aXyayane
i1,iN,axAxiH,gawO
iK1,iKaz,BvAxiH,gawO
iK2,iKiz,BvAxiH,gawO
ig1,igiz,BvAxiH,gawO
it1,itaz,BvAxiH,gawO
ix1,ixiz,BvAxiH,paramESvarye
inX1,FiinXIz,ruXAxiH,xIpwO
il1,ilaz,wuxAxiH,kRepaNe
il2,ilaz,curAxiH,preraNe
il1,ilaz,wuxAxiH,svapne
iv1,iviz,BvAxiH,prINane
iv1,iviz,BvAxiH,vyApwO
iR4,iRaz,kryAxiH,ABIkRNye
iR3,iRaz,wuxAxiH,icCAyAm
iR1,iRaz,xivAxiH,gawO
iR2,iRuz,wuxAxiH,icCAyAm
I1,If,xivAxiH,gawO
IkR1,IkRaz,BvAxiH,xarSane
IK1,IKiz,BvAxiH,gawO
Ij1,Ijaz,BvAxiH,kuwsAyAm
Ij1,Ijaz,BvAxiH,gawO
Id1,Idaz,axAxiH,swuwO
Id2,Idaz,curAxiH,swuwO
Ir1,Iraz,axAxiH,kampane
Ir2,Iraz,curAxiH,kRepe
Ir1,Iraz,axAxiH,gawO
IrkRy1,IrkRyaz,BvAxiH,IrRyAyAm
IrRy1,IrRyaz,BvAxiH,IrRyAyAm
IS1,ISaz,axAxiH,ESvarye
IR2,IRaz,BvAxiH,uFCe
IR1,IRaz,BvAxiH,gawO
IR1,IRaz,BvAxiH,xarSane
IR1,IRaz,BvAxiH,xAne
IR1,IRaz,BvAxiH,hiMsAyAm
Ih1,Ihaz,BvAxiH,ceRtAyAm
u1,uf,BvAxiH,Sabxe
ukR1,ukRaz,BvAxiH,secane
uK2,uKaz,BvAxiH,gawO
uK1,uKiz,BvAxiH,gawO
uc1,ucaz,xivAxiH,samavAye
uC4,uCiz,wuxAxiH,uFCe
uC2,uCiz,BvAxiH,uFCe
uC3,uCIz,wuxAxiH,vivAse
uC1,uCIz,BvAxiH,vivAse
uT1,uTaz,BvAxiH,upaGAwe
uxJ1,uxJaz,wuxAxiH,uwsarge
unx1,unxIz,ruXAxiH,klexane
unB1,unBaz,wuxAxiH,pUraNe
ubj1,ubjaz,wuxAxiH,Arjave
uB1,uBaz,wuxAxiH,pUraNe
urx1,urxaz,BvAxiH,krIdAyAm
urx1,urxaz,BvAxiH,mAne
urv1,urvIz,BvAxiH,hiMsAyAm
uR1,uRaz,BvAxiH,xAhe
uh1,uhizr,BvAxiH,arxane
Una1,Una,curAxiH,parihANe
Uy1,UyIz,BvAxiH,wanwusanwAne
Urj1,Urjaz,curAxiH,prANane
Urj1,Urjaz,curAxiH,bale
UrNu1,UrNuF,axAxiH,AcCAxane
UR1,URaz,BvAxiH,rujAyAm
Uh1,Uhaz,BvAxiH,viwarke
q2,q,juhowyAxiH,gawO
q1,q,BvAxiH,gawO
q1,q,BvAxiH,prApaNe
qc1,qcaz,wuxAxiH,swuwO
qC1,qCaz,wuxAxiH,inxriyapralaye
qC1,qCaz,wuxAxiH,gawO
qC1,qCaz,wuxAxiH,mUrwiBAve
qj1,qjaz,BvAxiH,upArjane
qj1,qjaz,BvAxiH,gawO
qj1,qjaz,BvAxiH,sWAnArjane
qj2,qjiz,BvAxiH,Barjane
qN1,qNuz,wanAxiH,gawO
qN1,qNuz,wanAxiH,xIpwO
qX1,qXuz,xivAxiH,vqxXO
qX2,qXuz,svAxiH,vqxXO
qnP1,qnPaz,wuxAxiH,hiMsAyAm
qP1,qPaz,wuxAxiH,hiMsAyAm
qR1,qRIz,wuxAxiH,gawO
qh1,qhaz,wuxAxiH,kawWane
qh1,qhaz,wuxAxiH,xAne
qh1,qhaz,wuxAxiH,yuxXe
qh1,qhaz,wuxAxiH,hiMsAyAm
ej1,ejqz,BvAxiH,kampane
ej2,ejqz,BvAxiH,xIpwO
eT1,eTaz,BvAxiH,vibAXAyAm
eX1,eXaz,BvAxiH,vqxXO
ev1,evqz,BvAxiH,sevane
eR1,eRqz,BvAxiH,gawO
eR1,eRqz,BvAxiH,prayawne
oK1,oKqz,BvAxiH,alamarWe
oK1,oKqz,BvAxiH,SoRaNe
oN1,oNqz,BvAxiH,apanayane
kak1,kakaz,BvAxiH,lOlye
kak2,kakiz,BvAxiH,gawO
kakK1,kakKaz,BvAxiH,hasane
kaK1,kaKaz,BvAxiH,hasane
kaK2,kaKez,BvAxiH,hasane
kag1,kagez,BvAxiH,anekArWawve
kac1,kacaz,BvAxiH,banXane
kac2,kaciz,BvAxiH,xIpwO
kac2,kaciz,BvAxiH,banXane
kaj1,kajaz,BvAxiH,maxe
kat3,kataz,BvAxiH,gawO
kat2,katIz,BvAxiH,gawO
kat1,katez,BvAxiH,AvaraNe
kat1,katez,BvAxiH,varRAyAm
kaT1,kaTaz,BvAxiH,kqcCrajIvane
kaT1,kaTaz,BvAxiH,nivAse
kaT1,kaTaz,BvAxiH,maxe
kaT3,kaTiz,curAxiH,Soke
kaT2,kaTiz,BvAxiH,Soke
kad3,kadaz,wuxAxiH,Gasane
kad3,kadaz,wuxAxiH,maxe
kad1,kadaz,BvAxiH,maxe
kad4,kadiz,curAxiH,Bexane
kad2,kadiz,BvAxiH,maxe
kaN1,kaNaz,BvAxiH,gawO
kaN2,kaNaz,curAxiH,nimIlane
kaN1,kaNaz,BvAxiH,Sabxe
kaNd1,kaNdaz,BvAxiH,maxe
kawW1,kawWaz,BvAxiH,SlAGAyAm
kawra1,kawra,curAxiH,SEWilye
kaWa1,kaWa,curAxiH,vAkyaprabanXe
kaW1,kaWaz,BvAxiH,hiMsAyAm
kax1,kaxiz,BvAxiH,AhvAne
kax1,kaxiz,BvAxiH,roxane
kax2,kaxiz,BvAxiH,vEklavye
kaxd1,kaxdaz,BvAxiH,kArkaSye
kan1,kanIz,BvAxiH,kAnwO
kan1,kanIz,BvAxiH,gawO
kan1,kanIz,BvAxiH,xIpwO
kap1,kapiz,BvAxiH,calane
kab1,kabqz,BvAxiH,varNe
kam1,kamuz,BvAxiH,kAnwO
karj1,karjaz,BvAxiH,vyaWane
karNa1,karNa,curAxiH,Bexane
karwq1,karwq,curAxiH,SEWilye
karx1,karxaz,BvAxiH,kuwsiwe_Sabxe
karb1,karbaz,BvAxiH,gawO
karv1,karvaz,BvAxiH,xarpe
kala1,kala,curAxiH,gawO
kala1,kala,curAxiH,safKyAne
kal2,kalaz,curAxiH,kRepe
kal1,kalaz,BvAxiH,Sabxe
kal1,kalaz,BvAxiH,safKyAne
kall1,kallaz,BvAxiH,avyakwe_Sabxe
kav1,kavaz,BvAxiH,Sabxe
kaS1,kaSiz,curAxiH,BARArWe
kaR1,kaRaz,BvAxiH,hiMsAyAm
kas1,kasaz,BvAxiH,gawO
kas1,kasaz,BvAxiH,SAsane
kas2,kasiz,axAxiH,gawO
kas2,kasiz,axAxiH,SAsane
kAkR1,kAkRiz,BvAxiH,kAfkRAyAm
kAc1,kAciz,BvAxiH,xIpwO
kAc1,kAciz,BvAxiH,banXane
kAd1,kAdqz,BvAxiH,anAxare
kAS2,kASqz,xivAxiH,xIpwO
kAS1,kASqz,BvAxiH,xIpwO
kAs1,kAsqz,BvAxiH,SabxakuwsAyAm
ki1,ki,juhowyAxiH,jFAne
kit1,kitaz,BvAxiH,uwwrAse
kit1,kitaz,BvAxiH,gawO
kiw1,kiwaz,BvAxiH,nivAse
kiw1,kiwaz,BvAxiH,rogApanayane
kil1,kilaz,wuxAxiH,krIdAyAm
kil2,kilaz,curAxiH,kRepe
kil1,kilaz,wuxAxiH,SvEwye
kiRk1,kiRkaz,curAxiH,hiMsAyAm
kIt1,kItaz,curAxiH,varaNe
kIrwa1,kIrwa,curAxiH,-
kIl1,kIlaz,BvAxiH,banXane
ku2,ku,axAxiH,Sabxe
ku3,kuf,wuxAxiH,Sabxe
ku1,kuf,BvAxiH,Sabxe
kuk1,kukaz,BvAxiH,AxAne
kuc1,kucaz,BvAxiH,kOtilye
kuc2,kucaz,BvAxiH,wAre
kuc1,kucaz,BvAxiH,prawiRtamBe
kuc1,kucaz,BvAxiH,vileKane
kuc1,kucaz,BvAxiH,Sabxe
kuc2,kucaz,wuxAxiH,safkocane
kuc1,kucaz,BvAxiH,samparcane
kuj1,kujuz,BvAxiH,sweyakaraNe
kut1,kutaz,wuxAxiH,kOtilye
kut2,kutaz,curAxiH,prawApane
kuT1,kuTiz,BvAxiH,gawiprawiGAwe
kuT1,kuTiz,BvAxiH,vEkalye
kud3,kudaz,wuxAxiH,bAlye
kud2,kudiz,BvAxiH,xAhe
kud4,kudiz,curAxiH,rakRaNe
kud1,kudiz,BvAxiH,vEkalye
kuNa1,kuNa,curAxiH,AmanwraNe
kuN1,kuNaz,wuxAxiH,upakaraNe
kuN1,kuNaz,wuxAxiH,Sabxe
kuwt1,kuwtaz,curAxiH,kuwsAyAm
kuwt1,kuwtaz,curAxiH,Cexane
kuwt1,kuwtaz,curAxiH,prawApane
kuwt1,kuwtaz,curAxiH,Barwsane
kuws1,kuwsaz,curAxiH,avakRepaNe
kuW2,kuWaz,xivAxiH,pUwIBAve
kuW1,kuWiz,BvAxiH,safkleSane
kuW1,kuWiz,BvAxiH,hiMsAyAm
kuxr1,kuxriz,curAxiH,anqwaBARaNe
kunc1,kuncaz,BvAxiH,alpIBAve
kunc1,kuncaz,BvAxiH,kOtilye
kunc1,kuncaz,BvAxiH,gawikOtilye
kunW1,kunWaz,kryAxiH,saMSleRaNe
kup1,kupaz,xivAxiH,kroXe
kup2,kupaz,curAxiH,BARArWe
kup2,kupaz,curAxiH,BAsArWe
kup3,kupiz,curAxiH,CAxane
kub1,kubiz,BvAxiH,arxane
kub2,kubiz,curAxiH,AcCAxane
kub1,kubiz,BvAxiH,AcCAxane
kumAra1,kumAra,curAxiH,krIdAyAm
kur1,kuraz,wuxAxiH,Sabxe
kurx1,kurxaz,BvAxiH,krIdAyAm
kul1,kulaz,BvAxiH,banXane
kul1,kulaz,BvAxiH,saMnwAne
kul1,kulaz,BvAxiH,saMswyAne
kuS1,kuSiz,curAxiH,BARArWe
kuS1,kuSiz,curAxiH,BAsArWe
kuR1,kuRaz,kryAxiH,niRkarRe
kus1,kusaz,xivAxiH,SleRaNe
kus2,kusiz,curAxiH,BARArWe
kus2,kusiz,curAxiH,BAsArWe
kusm1,kusmaz,curAxiH,kusmayane
kuha1,kuha,curAxiH,vismApane
kUj1,kUjaz,BvAxiH,avyakwe_Sabxe
kUta1,kUta,curAxiH,pariwApe
kUt1,kUtaz,curAxiH,apraxAne
kUt1,kUtaz,curAxiH,apramAxe
kUN1,kUNaz,curAxiH,safkocane
kUl1,kUlaz,BvAxiH,AvaraNe
kq1,kqF,BvAxiH,karaNe
kq3,dukqF,wanAxiH,karaNe
kqd1,kqdaz,wuxAxiH,Ganawve
kqw1,kqwIz,wuxAxiH,Cexane
kqw2,kqwIz,ruXAxiH,veRtane
kqpa1,kqpa,curAxiH,xOrbalye
kqp1,kqpUz,BvAxiH,sAmarWye
kqv1,kqviz,BvAxiH,karaNe
kqv1,kqviz,BvAxiH,hiMsAyAm
kqS1,kqSaz,xivAxiH,wanUkaraNe
kqR2,kqRaz,wuxAxiH,vileKane
kqR1,kqRaz,BvAxiH,vileKane
kQ1,kQ,wuxAxiH,vikRepe
kQ3,kQ,kryAxiH,hiMsAyAm
kQ2,kQF,kryAxiH,hiMsAyAm
kQw1,kQwaz,curAxiH,saMSabxane
kewa1,kewa,curAxiH,AmanwraNe
kewa1,kewa,curAxiH,viSrAvaNe
kep1,kepqz,BvAxiH,kampane
kel1,kelqz,BvAxiH,calane
kev1,kevqz,BvAxiH,sevane
kE1,kE,BvAxiH,Sabxe
knas1,knasuz,xivAxiH,kRaraNe
knas1,knasuz,xivAxiH,xIpwO
knas1,knasuz,xivAxiH,hvaraNe
knU1,knUF,kryAxiH,Sabxe
knUy1,knUyIz,BvAxiH,unxe
knUy1,knUyIz,BvAxiH,Sabxe
kmar1,kmaraz,BvAxiH,hUrcCane
kraW2,kraWaz,curAxiH,hiMsAyAm
kraW1,kraWaz,BvAxiH,hiMsAyAm
krax1,kraxaz,BvAxiH,vEklavye
krax2,kraxiz,BvAxiH,AhvAne
krax2,kraxiz,BvAxiH,roxane
krax3,kraxiz,BvAxiH,vEklavye
krap1,krapaz,BvAxiH,kqpAyAm
krap1,krapaz,BvAxiH,gawO
kram1,kramuz,BvAxiH,pAxavikRepe
krI1,dukrIF,kryAxiH,xravyavinimaye
krId1,krIdqz,BvAxiH,vihAre
krud1,krudaz,wuxAxiH,nimajjane
kruX1,kruXaz,xivAxiH,kope
krunc1,kruncaz,BvAxiH,alpIBAve
krunc1,kruncaz,BvAxiH,kOtilye
krunc1,kruncaz,BvAxiH,gawO
kruS1,kruSaz,BvAxiH,AhvAne
kruS1,kruSaz,BvAxiH,roxane
klaW1,klaWaz,BvAxiH,hiMsAyAm
klax1,klaxaz,BvAxiH,vEklavye
klax2,klaxiz,BvAxiH,AhvAne
klax2,klaxiz,BvAxiH,roxane
klax2,klaxiz,BvAxiH,vEklavye
klam1,klamuz,xivAxiH,glAnO
klix1,klixiz,BvAxiH,parixevane
klix2,klixUz,xivAxiH,ArxrIBAve
kliS1,kliSaz,xivAxiH,upawApe
kliS2,kliSUz,kryAxiH,vibAXAyAm
klIb1,klIbqz,BvAxiH,aXArRtye
kleS1,kleSaz,BvAxiH,avyakwAyAM_vAci
kleS1,kleSaz,BvAxiH,vyakwAyAM_vAci
kvaN1,kvaNaz,BvAxiH,Sabxe
kvaW1,kvaWez,BvAxiH,gawO
kvaW1,kvaWez,BvAxiH,niRpAke
kRaj2,kRajiz,curAxiH,kqcCrajIvane
kRaj1,kRajiz,BvAxiH,gawO
kRaj1,kRajiz,BvAxiH,xAne
kRaN1,kRaNuz,wanAxiH,hiMsAyAm
kRapa1,kRapa,curAxiH,preraNe
kRap1,kRapiz,curAxiH,kRAnwyAm
kRam2,kRamUz,xivAxiH,sahane
kRam1,kRamUzR,BvAxiH,sahane
kRar1,kRaraz,BvAxiH,saFcalane
kRal2,kRalaz,curAxiH,SOcakarmaNi
kRal1,kRalaz,BvAxiH,saFcaye
kRal1,kRalaz,BvAxiH,saFcalane
kRi1,kRi,BvAxiH,kRaye
kRi3,kRi,wuxAxiH,gawO
kRi3,kRi,wuxAxiH,nivAse
kRi2,kRi,svAxiH,hiMsAyAm
kRi4,kRiR,kryAxiH,hiMsAyAm
kRiN1,kRiNuz,wanAxiH,hiMsAyAm
kRip2,kRipaz,wuxAxiH,preraNe
kRip1,kRipaz,xivAxiH,preraNe
kRiv1,kRivuz,BvAxiH,nirasane
kRI1,kRIR,kryAxiH,hiMsAyAm
kRIj1,kRIjaz,BvAxiH,avyakwe_Sabxe
kRIb1,kRIbqz,BvAxiH,maxe
kRIv2,kRIvaz,BvAxiH,nirasane
kRIv1,kRIvuz,BvAxiH,nirasane
kRu1,tukRu,axAxiH,Sabxe
kRux1,kRuxizr,ruXAxiH,sampeRaNe
kRuX1,kRuXaz,xivAxiH,buBukRAyAm
kRuB3,kRuBaz,kryAxiH,saFcalane
kRuB2,kRuBaz,xivAxiH,saFcalane
kRuB1,kRuBaz,BvAxiH,saFcalane
kRur1,kRuraz,wuxAxiH,vileKane
kRE1,kRE,BvAxiH,kRaye
kRota1,kRota,curAxiH,kRepe
kRNu1,kRNu,axAxiH,wejane
kRmAy1,kRmAyIz,BvAxiH,viXUnane
kRmIl1,kRmIlaz,BvAxiH,nimeRaNe
kRvix1,FikRvixAz,BvAxiH,avyakwe_Sabxe
kRvix2,FikRvixAz,xivAxiH,mocane
kRvix2,FikRvixAz,xivAxiH,mohane
kRvix1,FikRvixAz,BvAxiH,mohane
kRvix2,FikRvixAz,xivAxiH,snehane
kRvix1,FikRvixAz,BvAxiH,snehane
kRvel1,kRvelqz,BvAxiH,calane
kLp1,kLpaz,curAxiH,avakalkane
Kac1,Kacaz,kryAxiH,BUwaprAxurBAve
Kaj1,Kajaz,BvAxiH,pAlane
Kaj1,Kajaz,BvAxiH,manWe
Kaj2,Kajiz,BvAxiH,gawivEkalye
Kat1,Kataz,BvAxiH,kAfkRAyAm
Kad2,Kadaz,curAxiH,Bexane
Kad3,Kadiz,curAxiH,Bexane
Kad1,Kadiz,BvAxiH,manWe
Kawt1,Kawtaz,curAxiH,saMvaraNe
Kax1,Kaxaz,BvAxiH,sWErye
Kax1,Kaxaz,BvAxiH,hiMsAyAm
Kan1,Kanuz,BvAxiH,avaxAraNe
KarKa1,KarKa,BvAxiH,hasane
Karj1,Karjaz,BvAxiH,pUjane
Karj1,Karjaz,BvAxiH,mArjane
Karj1,Karjaz,BvAxiH,vyaWane
Karx1,Karxaz,BvAxiH,xanxaSUke
Karb1,Karbaz,BvAxiH,gawO
Karv1,Karvaz,BvAxiH,xarpe
Kal1,Kalaz,BvAxiH,calane
Kal1,Kalaz,BvAxiH,saFcaye
Kal1,Kalaz,BvAxiH,saFcalane
Kav1,Kavaz,kryAxiH,BUwaprAxurBAve
KaR1,KaRaz,BvAxiH,hiMsAyAm
KAx1,KAxqz,BvAxiH,BakRaNe
Kit1,Kitaz,BvAxiH,uwwrAse
Kix1,Kixaz,xivAxiH,xEnye
Kix3,Kixaz,ruXAxiH,xEnye
Kix2,Kixaz,wuxAxiH,pariGAwe
Kix2,Kixaz,wuxAxiH,pariwApe
Kuj1,Kujuz,BvAxiH,sweyakaraNe
Kud2,Kudiz,curAxiH,KaNdane
Kud1,Kudiz,BvAxiH,gawivEkalye
Kur1,Kuraz,wuxAxiH,KaNdane
Kur1,Kuraz,wuxAxiH,Cexane
Kur1,Kuraz,wuxAxiH,vileKane
Kurx1,Kurxaz,BvAxiH,krIdAyAm
Keta1,Keta,curAxiH,BakRaNe
Kel1,Kelqz,BvAxiH,calane
Kev1,Kevqz,BvAxiH,sevane
KE1,KE,BvAxiH,Kaxane
Kota1,Kota,curAxiH,BakRaNe
Koda1,Koda,curAxiH,kRepe
Kor1,Korqz,BvAxiH,gawiprawiGAwe
Kol1,Kolqz,BvAxiH,gawiprawiGAwe
KyA1,KyA,axAxiH,prakaWane
gaj1,gajaz,BvAxiH,maxe
gaj3,gajaz,curAxiH,Sabxe
gaj1,gajaz,BvAxiH,Sabxe
gaj2,gajiz,BvAxiH,Sabxe
gad1,gadaz,BvAxiH,secane
gad2,gadiz,BvAxiH,vaxanEkaxeSe
gaNa1,gaNa,curAxiH,safKyAne
gaxI1,gaxI,curAxiH,xevaSabxe
gax1,gaxaz,BvAxiH,vyakwAyAM_vAci
ganX1,ganXaz,curAxiH,arxane
gam1,gamLz,BvAxiH,gawO
garj1,garjaz,BvAxiH,Sabxe
garx2,garxaz,curAxiH,Sabxe
garx1,garxaz,BvAxiH,Sabxe
garX1,garXaz,curAxiH,aBikAfkRAyAm
garb1,garbaz,BvAxiH,gawO
garva1,garva,curAxiH,mAne
garv1,garvaz,BvAxiH,xarpe
garh1,garhaz,BvAxiH,kuwsAyAm
garh2,garhaz,curAxiH,vininxane
gal1,galaz,BvAxiH,axane
gal1,galaz,BvAxiH,garaNe
gal2,galaz,curAxiH,SravaNe
gal2,galaz,curAxiH,srAvaNe
galB1,galBaz,BvAxiH,XArRtye
galh1,galhaz,BvAxiH,kuwsAyAm
gaveRa1,gaveRa,curAxiH,mArgaNe
gA2,gA,juhowyAxiH,janane
gA2,gA,juhowyAxiH,swuwO
gA1,gAf,BvAxiH,gawO
gAX1,gAXqz,BvAxiH,granWe
gAX1,gAXqz,BvAxiH,prawiRTAyAm
gAX1,gAXqz,BvAxiH,lipsAyAm
gAh1,gAhUz,BvAxiH,vilodane
gu2,gu,wuxAxiH,purIRowsarge
gu1,guf,BvAxiH,avyakwe_Sabxe
guj2,gujaz,wuxAxiH,Sabxe
guj1,gujiz,BvAxiH,avyakwe_Sabxe
guT1,guTiz,curAxiH,veRtane
gud1,gudaz,wuxAxiH,prawiGAwe
gud1,gudaz,wuxAxiH,rakRaNe
gud2,gudiz,curAxiH,rakRaNe
gud2,gudiz,curAxiH,veRtane
guNa1,guNa,curAxiH,AmanwraNe
gux1,guxaz,BvAxiH,krIdAyAm
guX2,guXaz,kryAxiH,roRe
guX1,gqXuz,xivAxiH,pariveRtane
gunP1,gunPaz,wuxAxiH,granWe
gup2,gupaz,BvAxiH,kuwsAyAm
gup2,gupaz,BvAxiH,gopane
gup4,gupaz,curAxiH,BARArWe
gup3,gupaz,xivAxiH,vyAkulawve
gup5,gupUz,curAxiH,BAsArWe
gup1,gupUz,BvAxiH,rakRaNe
guP1,guPaz,wuxAxiH,granWe
gur1,gurIz,wuxAxiH,uxyamane
gurx1,gurxaz,BvAxiH,krIdAyAm
gurx2,gurxaz,curAxiH,nikewane
gurx2,gurxaz,curAxiH,pUrvanikewane
gurv1,gurvIz,BvAxiH,uxyamane
guh1,guhUz,BvAxiH,saMvaraNe
gU1,gU,wuxAxiH,purIRowsarge
gUr2,gUraz,curAxiH,uxyamane
gUr3,gUrIz,curAxiH,uxyamane
gUr1,gUrIz,xivAxiH,gawO
gUr1,gUrIz,xivAxiH,hiMsAyAm
gq3,gq,curAxiH,vijFAne
gq1,gq,BvAxiH,secane
gqj1,gqjaz,BvAxiH,Sabxe
gqj2,gqjiz,BvAxiH,Sabxe
gqX1,gqXuz,xivAxiH,aBikAfkRAyAm
gqha1,gqha,curAxiH,grahaNe
gqh1,gqhUz,BvAxiH,grahaNe
gQ1,gQ,wuxAxiH,nigaraNe
gQ3,gQ,curAxiH,vijFAne
gQ2,gQ,kryAxiH,Sabxe
gep1,gepqz,BvAxiH,kampane
gep1,gepqz,BvAxiH,xEnye
gev1,gevqz,BvAxiH,secane
geR1,geRqz,BvAxiH,anvicCAyAm
gE1,gE,BvAxiH,Sabxe
goma1,goma,curAxiH,upalepane
goRt1,goRtaz,BvAxiH,safGAwe
graW1,graWiz,BvAxiH,kOtilye
granW2,granWaz,curAxiH,banXane
granW1,granWaz,kryAxiH,sanxarBe
granW2,granWaz,curAxiH,sanxarBe
gras2,grasaz,curAxiH,grahaNe
gras1,grasuz,BvAxiH,axane
grah1,grahaz,kryAxiH,upAxAne
grAma1,grAma,curAxiH,AmanwraNe
gruc1,grucuz,BvAxiH,sweyakaraNe
glas1,glasuz,BvAxiH,axane
gluc1,glucuz,BvAxiH,sweyakaraNe
glunc1,gluncuz,BvAxiH,gawO
glUh1,glUhUz,BvAxiH,grahaNe
glep1,glepqz,BvAxiH,kampane
glep1,glepqz,BvAxiH,xEnye
glev1,glevqz,BvAxiH,secane
glev1,glevqz,BvAxiH,sevane
gleR1,gleRqz,BvAxiH,anvicCAyAm
glE1,glE,BvAxiH,harRakRaye
GagG1,GagGaz,BvAxiH,hasane
GaG1,GaGaz,BvAxiH,hasane
Gat1,Gataz,BvAxiH,ceRtAyAm
Gat2,Gataz,curAxiH,BARArWe
Gat2,Gataz,curAxiH,Bexane
Gat2,Gataz,curAxiH,safGAwe
Gat3,Gatiz,curAxiH,BARArWe
Gat3,Gatiz,curAxiH,BAsArWe
Gawt2,Gawtaz,curAxiH,calane
Gawt1,Gawtaz,BvAxiH,calane
Garb1,Garbaz,BvAxiH,gawO
Gas2,Gasiz,BvAxiH,karaNe
Gas1,GasLz,BvAxiH,axane
GiN1,GiNiz,BvAxiH,grahaNe
Gu1,Guf,BvAxiH,Sabxe
Gut1,Gutaz,BvAxiH,parivarwane
Gut2,Gutaz,wuxAxiH,prawiGAwe
GuN3,GuNaz,wuxAxiH,BramaNe
GuN2,GuNaz,BvAxiH,BramaNe
GuN1,GuNiz,BvAxiH,grahaNe
Gur1,Guraz,wuxAxiH,BImArWe
Gur1,Guraz,wuxAxiH,Sabxe
GuR1,GuRiz,BvAxiH,kAnwikaraNe
GuR3,GuRizr,curAxiH,aviSabxane
GuR3,GuRizr,curAxiH,viSabxane
GuR2,GuRizr,BvAxiH,Sabxe
GUr1,GUrIz,xivAxiH,vayohAnO
GUr1,GUrIz,xivAxiH,hiMsAyAm
GUrN2,GUrNaz,wuxAxiH,BramaNe
GUrN1,GUrNaz,BvAxiH,BramaNe
Gq3,Gq,curAxiH,samprasravaNe
Gq1,Gq,BvAxiH,secane
GqN1,GqNiz,BvAxiH,grahaNe
GqN2,GqNuz,wanAxiH,xIpwO
GqR1,GqRuz,BvAxiH,safGarRe
GrA1,GrA,BvAxiH,ganXopAxAne
fu1,fuf,BvAxiH,Sabxe
cakAs1,cakAsqz,axAxiH,xIpwO
cak1,cakaz,BvAxiH,wqpwO
cak1,cakaz,BvAxiH,prawiGAwe
cakk1,cakkaz,curAxiH,vyaWane
cakR1,cakRizf,axAxiH,vyakwAyAM_vAci
cat1,cataz,curAxiH,Bexane
cad2,cadiz,curAxiH,kope
cad1,cadiz,BvAxiH,kope
caN1,caNaz,BvAxiH,gawO
caN1,caNaz,BvAxiH,xAne
caw1,cawez,BvAxiH,pariBARaNe
caw1,cawez,BvAxiH,yAFcAyAm
cax2,caxiz,BvAxiH,AhlAxane
cax2,caxiz,BvAxiH,xIpwO
cax2,caxiz,BvAxiH,hlAxane
cax1,caxez,BvAxiH,pariBARaNe
cax1,caxez,BvAxiH,yAFcAyAm
can2,canaz,BvAxiH,hiMsAyAm
can1,canuz,BvAxiH,hiMsAyAm
canc1,cancuz,BvAxiH,gawO
cap2,capaz,curAxiH,kalkane
cap1,capaz,BvAxiH,sAnwvane
cap3,capiz,curAxiH,gawO
cam1,camuz,BvAxiH,axane
cam2,camuz,svAxiH,BakRaNe
cay1,cayaz,BvAxiH,gawO
car1,caraz,BvAxiH,gawO
car2,caraz,curAxiH,saMSaye
carc3,carcaz,curAxiH,aXyayane
carc1,carcaz,BvAxiH,warjane
carc2,carcaz,wuxAxiH,pariBARaNe
carc1,carcaz,BvAxiH,pariBARaNe
carc2,carcaz,wuxAxiH,Barwsane
carc2,carcaz,wuxAxiH,sanwarjane
carc1,carcaz,BvAxiH,sanwarjane
carc1,carcaz,BvAxiH,hiMsAyAm
carC1,carCaz,wuxAxiH,pariBARaNe
carb1,carbaz,BvAxiH,gawO
carv1,carvaz,BvAxiH,axane
cal1,calaz,BvAxiH,kampane
cal1,calaz,BvAxiH,kalpane
cal3,calaz,curAxiH,BqwO
cal2,calaz,wuxAxiH,vikasane
cal2,calaz,wuxAxiH,vilasane
caR1,caRaz,BvAxiH,BakRaNe
caha1,caha,curAxiH,parikalkane
cah2,cahaz,curAxiH,parikalkane
cah1,cahaz,BvAxiH,parikalkane
cAy1,cAyqz,BvAxiH,niSAmane
cAy1,cAyqz,BvAxiH,pUjAyAm
ci2,ciF,curAxiH,cayane
ci1,ciF,svAxiH,cayane
cit1,citaz,BvAxiH,paraprERye
ciw3,ciwaz,curAxiH,saFcewane
ciw2,ciwiz,curAxiH,smqwyAm
ciw1,ciwIz,BvAxiH,saMjFAne
ciwra1,ciwra,curAxiH,ciwrIkaraNe
ciri1,ciri,svAxiH,hiMsAyAm
cil1,cilaz,wuxAxiH,vasane
cill1,cillaz,BvAxiH,BAvakaraNe
cill1,cillaz,BvAxiH,SEWilye
cIk1,cIkaz,curAxiH,marRaNe
cIB1,cIBqz,BvAxiH,kawWane
cIv2,cIvaz,BvAxiH,AxAne
cIv3,cIvaz,curAxiH,BARArWe
cIv3,cIvaz,curAxiH,BAsArWe
cIv2,cIvaz,BvAxiH,saMvaraNe
cIv1,cIvqz,BvAxiH,AxAne
cIv1,cIvqz,BvAxiH,saMvaraNe
cukk1,cukkaz,curAxiH,vyaWane
cut3,cutaz,curAxiH,Cexane
cut2,cutaz,wuxAxiH,Cexane
cut1,cutiz,BvAxiH,alpIBAve
cut4,cutiz,curAxiH,Cexane
cud2,cudaz,wuxAxiH,saMvaraNe
cud1,cudiz,BvAxiH,alpIBAve
cuwt1,cuwtaz,curAxiH,alpIBAve
cux1,cuxaz,curAxiH,saFcoxane
cuxd1,cuxdaz,BvAxiH,BAvakaraNe
cuxd1,cuxdaz,BvAxiH,hAvavaraNe
cup1,cupaz,BvAxiH,manxAyAM_gawO
cub1,cubiz,BvAxiH,vakwrasaMyoge
cub2,cubiz,curAxiH,hiMsAyAm
cur1,curaz,curAxiH,sweye
cul1,culaz,curAxiH,samucCrAye
cull1,cullaz,BvAxiH,BAvakaraNe
cull1,cullaz,BvAxiH,hAvakaraNe
cuv1,cuviz,curAxiH,hiMsAyAm
cUN1,cUNaz,curAxiH,safkocane
cUr1,cUrIz,xivAxiH,xAhe
cUrN1,cUrNaz,curAxiH,preraNe
cUrN1,cUrNaz,curAxiH,safkocane
cUR1,cURaz,BvAxiH,pAne
cqw1,cqwIz,wuxAxiH,granWe
cqw1,cqwIz,wuxAxiH,hiMsAyAm
cel1,celqz,BvAxiH,calane
cell1,cellaz,BvAxiH,calane
ceRt1,ceRtaz,BvAxiH,ceRtAyAm
cyu2,cyu,curAxiH,sahane
cyu2,cyu,curAxiH,hasane
cyu1,cyuf,BvAxiH,gawO
cyuw1,cyuwizr,BvAxiH,Asecane
Caxa1,Caxa,curAxiH,apavAraNe
Cax1,Caxaz,curAxiH,apavAraNe
Cax1,Caxaz,curAxiH,saMvaraNe
Cax2,Caxiz,curAxiH,saMvaraNe
Cap1,Capiz,curAxiH,gawyAm
Cam1,Camuz,BvAxiH,axane
Carx1,Carxaz,curAxiH,vamane
CaR1,CaRaz,BvAxiH,hiMsAyAm
Cix1,Cixizr,ruXAxiH,xvEXIkaraNe
Cixra1,Cixra,curAxiH,karNaBexe
Cixra1,Cixra,curAxiH,Bexane
Cut2,Cutaz,curAxiH,Cexane
Cut1,Cutaz,wuxAxiH,Cexane
Cup1,Cupaz,wuxAxiH,sparSane
Cur1,Curaz,wuxAxiH,Cexane
Cqx1,uzCqxizr,ruXAxiH,xIpwO
Cqx1,uzCqxizr,ruXAxiH,xevane
Cqx2,CqxIz,curAxiH,sanxIpane
Cexa1,Cexa,curAxiH,xvEXIkaraNe
Co1,Co,xivAxiH,Cexane
Co1,Co,xivAxiH,Coxane
Cyu1,Cyuf,BvAxiH,gawO
jakR1,jakRaz,axAxiH,BakRaNe
jakR1,jakRaz,axAxiH,hasane
jaj1,jajaz,BvAxiH,yuxXe
jaj2,jajiz,BvAxiH,yuxXe
jat1,jataz,BvAxiH,safGAwe
jan1,janaz,juhowyAxiH,janane
jan2,janIz,xivAxiH,prAxurBAve
jap1,japaz,BvAxiH,mAnase
jap1,japaz,BvAxiH,vyakwAyAM_vAci
jaB3,jaBaz,BvAxiH,gAwravinAme
jaB2,jaBiz,curAxiH,nASane
jaB1,jaBIz,BvAxiH,gAwravinAme
jam1,jamuz,BvAxiH,axane
jarc1,jarcaz,wuxAxiH,pariBARaNe
jarc1,jarcaz,wuxAxiH,sanwarjane
jarj1,jarjaz,BvAxiH,warjane
jarj2,jarjaz,wuxAxiH,pariBARaNe
jarj1,jarjaz,BvAxiH,pariBARaNe
jarj2,jarjaz,wuxAxiH,Barwsane
jarj1,jarjaz,BvAxiH,sanwarjane
jarj1,jarjaz,BvAxiH,hiMsAyAm
jal2,jalaz,curAxiH,apavAraNe
jal1,jalaz,BvAxiH,GAwane
jal1,jalaz,BvAxiH,XAnye
jalp1,jalpaz,BvAxiH,vyakwAyAM_vAci
jaR1,jaRaz,BvAxiH,hiMsAyAm
jas4,jasaz,curAxiH,wAdane
jas2,jasiz,curAxiH,rakRaNe
jas3,jasuz,curAxiH,wAdane
jas1,jasuz,xivAxiH,mokRaNe
jas3,jasuz,curAxiH,hiMsAyAm
jAgq1,jAgq,axAxiH,nixrAkRaye
ji1,ji,BvAxiH,aBiBave
ji1,ji,BvAxiH,jaye
jiri1,jiri,svAxiH,hiMsAyAm
jiv1,jiviz,BvAxiH,prINane
jiR1,jiRuz,BvAxiH,secane
jiR1,jiRuz,BvAxiH,sevane
jIv1,jIvaz,BvAxiH,prANaXAraNe
jug1,jugiz,BvAxiH,varjane
juc1,juciz,curAxiH,BARArWe
jud1,judaz,wuxAxiH,gawO
jud2,judaz,curAxiH,preraNe
jud1,judaz,wuxAxiH,banXane
juw1,juwqz,BvAxiH,BAsane
jun1,junaz,wuxAxiH,gawO
juR2,juRaz,curAxiH,pariwarkaNe
juR2,juRaz,curAxiH,pariwarpaNe
juR1,juRIz,wuxAxiH,prIwO
juR1,juRIz,wuxAxiH,sevane
jUr1,jUrIz,xivAxiH,vayohAnO
jUr1,jUrIz,xivAxiH,hiMsAyAm
jUR1,jURaz,BvAxiH,hiMsAyAm
jq1,jq,BvAxiH,aBiBave
jqB1,jqBiz,BvAxiH,gAwravinAme
jQ2,jQ,kryAxiH,vayohAnO
jQ3,jQ,curAxiH,vayohAnO
jQ1,jQR,xivAxiH,vayohAnO
jeR1,jeRqz,BvAxiH,gawO
jeh1,jehqz,BvAxiH,prayawne
jE1,jE,BvAxiH,kRaye
jFap1,jFapaz,curAxiH,woRaNe
jFap1,jFapaz,curAxiH,niSAmane
jFap1,jFapaz,curAxiH,mAraNe
jFap1,jFapaz,curAxiH,micca
jFA1,jFA,kryAxiH,avaboXane
jFA2,jFA,curAxiH,niyoge
jFA2,jFA,curAxiH,niyojane
jyA1,jyA,kryAxiH,vayohAnO
jyu1,jyuf,BvAxiH,gawO
jri1,jri,BvAxiH,aBiBave
jvar1,jvaraz,BvAxiH,roge
jval1,jvalaz,BvAxiH,xIpwO
Jat1,Jataz,BvAxiH,safGAwe
Jam1,Jamuz,BvAxiH,axane
Jarc1,Jarcaz,wuxAxiH,pariBARaNe
Jarc1,Jarcaz,wuxAxiH,sanwarjane
JarC1,JarCaz,BvAxiH,pariBARaNe
JarJ1,JarJaz,BvAxiH,warjane
JarJ2,JarJaz,wuxAxiH,pariBARaNe
JarJ1,JarJaz,BvAxiH,pariBARaNe
JarJ2,JarJaz,wuxAxiH,Barwsane
JarJ1,JarJaz,BvAxiH,sanwarjane
JarJ1,JarJaz,BvAxiH,hiMsAyAm
JaR1,JaRaz,BvAxiH,AxAne
JaR1,JaRaz,BvAxiH,saMvaraNe
JaR1,JaRaz,BvAxiH,hiMsAyAm
JQ1,JQR,xivAxiH,vayohAnO
Jyu1,Jyuf,BvAxiH,gawO
tak1,takiz,curAxiH,banXane
tal1,talaz,BvAxiH,vEklavye
tal1,talaz,BvAxiH,vEplavye
tik1,tikqz,BvAxiH,gawO
tip1,tipaz,curAxiH,kRepe
tIk1,tIkqz,BvAxiH,gawO
tval1,tvalaz,BvAxiH,vEklavye
tval1,tvalaz,BvAxiH,vEplavye
dap1,dapaz,curAxiH,safGAwe
dap2,dapiz,curAxiH,safGAwe
damba1,dabiz,curAxiH,-
dip3,dipaz,curAxiH,kRepe
dip2,dipaz,wuxAxiH,kRepe
dip1,dipaz,xivAxiH,kRepe
dip4,dipaz,curAxiH,safGAwe
dip5,dipiz,curAxiH,safGAwe
dI2,dIf,xivAxiH,gawO
dI2,dIf,xivAxiH,vihAyasA_gawO
dI1,dIf,BvAxiH,vihAyasA_gawO
DOk1,DOkqz,BvAxiH,gawO
NakR1,NakRaz,BvAxiH,gawO
NaK1,NaKaz,BvAxiH,gawO
NaK2,NaKiz,BvAxiH,gawO
Nat1,Nataz,BvAxiH,nqwO
Nax1,Naxaz,BvAxiH,avyakwe_Sabxe
Nax2,Naxaz,curAxiH,BARArWe
Nax2,Naxaz,curAxiH,BAsArWe
Nax1,Naxaz,BvAxiH,Sabxe
NaB3,NaBaz,kryAxiH,hiMsAyAm
NaB2,NaBaz,xivAxiH,hiMsAyAm
NaB1,NaBaz,BvAxiH,hiMsAyAm
Nam1,Namaz,BvAxiH,prahvawve
Nam1,Namaz,BvAxiH,prahvawveSabxe
Nay1,Nayaz,BvAxiH,gawO
Nay1,Nayaz,BvAxiH,rakRaNe
Nal1,Nalaz,BvAxiH,ganXane
NaS1,NaSaz,xivAxiH,axarSane
Nas1,Nasaz,BvAxiH,kOtilye
Nah1,Nahaz,xivAxiH,baXane
Nah1,Nahaz,xivAxiH,banXane
NAX1,NAXqz,BvAxiH,ASiRi
NAX1,NAXqz,BvAxiH,upawApe
NAX1,NAXqz,BvAxiH,ESvarye
NAX1,NAXqz,BvAxiH,yAFcAyAm
NAs1,NAsqz,BvAxiH,Sabxe
NikR1,NikRaz,BvAxiH,cumbane
Nij1,Nijiz,axAxiH,SuxXO
Nij2,Nijizr,juhowyAxiH,poRaNe
Nij2,Nijizr,juhowyAxiH,SOce
Nix1,Nixiz,BvAxiH,kuwsAyAm
Nix2,Nixqz,BvAxiH,kuwsAyAm
Nix2,Nixqz,BvAxiH,sannikarRe
Nil1,Nilaz,wuxAxiH,gahane
Niv1,Niviz,BvAxiH,secane
Niv1,Niviz,BvAxiH,sevane
Niv1,Niviz,BvAxiH,sraMsane
NiS1,NiSaz,BvAxiH,samAXO
NiRk1,NiRkaz,curAxiH,parimANe
Nis1,Nisiz,axAxiH,gawO
Nis1,Nisiz,axAxiH,cumbane
Nis1,Nisiz,axAxiH,niSAne
NI1,NIF,BvAxiH,prApaNe
NIl1,NIlaz,BvAxiH,varNe
NIv1,NIvaz,BvAxiH,sWOlye
Nu1,Nu,axAxiH,swuwO
Nux1,Nuxaz,wuxAxiH,preraNe
NU1,NU,wuxAxiH,swavane
Nex1,Nexqz,BvAxiH,kuwsAyAm
Nex1,Nexqz,BvAxiH,sannikarRe
NeR1,NeRqz,BvAxiH,gawO
Nes1,Nesqz,BvAxiH,gawO
wak1,wakaz,BvAxiH,hasane
wak2,wakiz,BvAxiH,kqcCrajIvane
wakR2,wakRaz,BvAxiH,wvacane
wakR1,wakRUz,BvAxiH,wanUkaraNe
wag1,wagiz,BvAxiH,gawO
wat1,wataz,BvAxiH,ucCrAye
wad2,wadaz,curAxiH,AGAwe
wad1,wadiz,BvAxiH,wAdane
wawr1,wawriz,curAxiH,kutumbaXAraNe
wan2,wanuz,curAxiH,upakaraNe
wan1,wanuz,wanAxiH,viswAre
wan2,wanuz,curAxiH,SraxXe
wanc1,wancuz,BvAxiH,gawO
wanc2,wancUz,ruXAxiH,safkocane
wap2,wapaz,xivAxiH,ESvarye
wap3,wapaz,curAxiH,xAhe
wap1,wapaz,BvAxiH,sanwApe
wam1,wamuz,xivAxiH,kAfkRAyAm
way1,wayaz,BvAxiH,gawO
way1,wayaz,BvAxiH,rakRaNe
wark1,warkaz,curAxiH,BARArWe
wark1,warkaz,curAxiH,BAsArWe
warj1,warjaz,BvAxiH,Barwsane
warj2,warjaz,curAxiH,sanwarjane
warx1,warxaz,BvAxiH,hiMsAyAm
wal1,walaz,curAxiH,prawiRTAyAm
was2,wasiz,curAxiH,alafkAre
was1,wasuz,xivAxiH,upakRaye
was1,wasuz,xivAxiH,prakRepaNe
wAy1,wAyqz,BvAxiH,pAlane
wAy1,wAyqz,BvAxiH,sanwAne
wik2,wikaz,svAxiH,Askanxane
wik1,wikqz,BvAxiH,gawO
wig1,wigaz,svAxiH,Askanxane
wij1,wijaz,BvAxiH,kRamAyAm
wij2,wijaz,curAxiH,niSAne
wij1,wijaz,BvAxiH,niSAne
wip2,wipaz,curAxiH,kRepe
wip1,wipqz,BvAxiH,kRaraNe
wim1,wimaz,xivAxiH,ArxrIBAve
wil1,wilaz,BvAxiH,gawO
wil3,wilaz,curAxiH,snehane
wil2,wilaz,wuxAxiH,snehane
will1,willaz,BvAxiH,gawO
wIm1,wImaz,xivAxiH,ArxrIBAve
wIra1,wIra,curAxiH,karmasamApwO
wIv1,wIvaz,BvAxiH,sWOlye
wuj1,wujaz,BvAxiH,hiMsAyAm
wuj3,wujiz,curAxiH,nikewane
wuj2,wujiz,BvAxiH,pAlane
wuj3,wujiz,curAxiH,balAxAne
wuj3,wujiz,curAxiH,BARArWe
wuj3,wujiz,curAxiH,BAsArWe
wuj3,wujiz,curAxiH,hiMsAyAm
wuj2,wujiz,BvAxiH,hiMsAyAm
wut1,wutaz,wuxAxiH,kalahakarmaNi
wud3,wudaz,wuxAxiH,wodane
wud2,wudiz,BvAxiH,wodane
wud1,wudqz,BvAxiH,wodane
wuN1,wuNaz,wuxAxiH,kOtilye
wuwWa1,wuwWa,curAxiH,AvaraNe
wux1,wuxaz,wuxAxiH,vyaWane
wunp2,wunpaz,wuxAxiH,hiMsAyAm
wunp1,wunpaz,BvAxiH,hiMsAyAm
wunP2,wunPaz,wuxAxiH,hiMsAyAm
wunP1,wunPaz,BvAxiH,hiMsAyAm
wup2,wupaz,wuxAxiH,hiMsAyAm
wup1,wupaz,BvAxiH,hiMsAyAm
wup3,wupiz,curAxiH,arxane
wuP2,wuPaz,wuxAxiH,hiMsAyAm
wuP1,wuPaz,BvAxiH,hiMsAyAm
wub2,wubiz,curAxiH,axarSane
wub2,wubiz,curAxiH,arxane
wub1,wubiz,BvAxiH,arxane
wuB3,wuBaz,kryAxiH,hiMsAyAm
wuB2,wuBaz,xivAxiH,hiMsAyAm
wuB1,wuBaz,BvAxiH,hiMsAyAm
wur1,wuraz,juhowyAxiH,wvaraNe
wurv1,wurvIz,BvAxiH,hiMsAyAm
wul1,wulaz,curAxiH,unmAne
wuR1,wuRaz,xivAxiH,wuRtO
wuR1,wuRaz,xivAxiH,prIwO
wus1,wusaz,BvAxiH,Sabxe
wuh1,wuhizr,BvAxiH,arxane
wUd1,wUdqz,BvAxiH,wodane
wUN1,wUNaz,curAxiH,pUraNe
wUr1,wUrIz,xivAxiH,gawiwvaraNe
wUr1,wUrIz,xivAxiH,hiMsAyAm
wUl1,wUlaz,BvAxiH,niRkarRe
wUR1,wURaz,BvAxiH,wuRtO
wqkR1,wqkRaz,BvAxiH,gawO
wqN1,wqNuz,wanAxiH,axane
wqx1,uzwqxizr,ruXAxiH,anAxare
wqx1,uzwqxizr,ruXAxiH,hiMsAyAm
wqnP1,wqnPaz,wuxAxiH,wqpwO
wqnh1,wqnhUz,wuxAxiH,hiMsAyAm
wqp4,wqpaz,curAxiH,wqpwO
wqp3,wqpaz,wuxAxiH,wqpwO
wqp1,wqpaz,xivAxiH,prINane
wqp2,wqpaz,svAxiH,prINane
wqp1,wqpaz,xivAxiH,prIwO
wqp4,wqpaz,curAxiH,sanxIpane
wqP1,wqPaz,wuxAxiH,wqpwO
wqR1,FiwqRAz,xivAxiH,pipAsAyAm
wqh1,wqhaz,BvAxiH,vqxXO
wqh4,wqhaz,ruXAxiH,hiMsAyAm
wqh2,wqhiz,BvAxiH,vqxXO
wqh3,wqhUz,wuxAxiH,hiMsAyAm
wQ1,wQ,BvAxiH,waraNe
wQ1,wQ,BvAxiH,plavane
wej1,wejaz,BvAxiH,pAlane
wep1,wepqz,BvAxiH,kampane
wep1,wepqz,BvAxiH,kRaraNe
wev1,wevqz,BvAxiH,xevane
wyaj1,wyajaz,BvAxiH,hAnO
wrak1,wrakiz,BvAxiH,gawO
wrag1,wragiz,BvAxiH,gawO
wrax1,wraxiz,BvAxiH,ceRtAyAm
wrap1,wrapUzR,BvAxiH,lajjAyAm
wras2,wrasaz,curAxiH,XAraNe
wras3,wrasiz,curAxiH,BARArWe
wras3,wrasiz,curAxiH,BAsArWe
wras1,wrasIz,xivAxiH,uxvege
wrut2,wrutaz,curAxiH,Cexane
wrut1,wrutaz,wuxAxiH,Cexane
wrunp1,wrunpaz,BvAxiH,hiMsAyAm
wrunP1,wrunPaz,BvAxiH,hiMsAyAm
wrup1,wrupaz,BvAxiH,hiMsAyAm
wruP1,wruPaz,BvAxiH,hiMsAyAm
wrE1,wrEf,BvAxiH,pAlane
wrOk1,wrOkqz,BvAxiH,gawO
wvakR2,wvakRaz,BvAxiH,wvacane
wvakR1,wvakRUz,BvAxiH,wanUkaraNe
wvag1,wvagiz,BvAxiH,kampane
wvag1,wvagiz,BvAxiH,gawO
wvac1,wvacaz,wuxAxiH,saMvaraNe
wvanc1,wvancuz,BvAxiH,gawO
wvar1,FiwvarAz,BvAxiH,samBrame
wviR1,wviRaz,BvAxiH,xIpwO
wsar1,wsaraz,BvAxiH,CaxmagawO
Wud1,Wudaz,wuxAxiH,saMvaraNe
Wurv1,WurvIz,BvAxiH,hiMsAyAm
xakR1,xakRaz,BvAxiH,gawO
xakR1,xakRaz,BvAxiH,vqxXO
xakR1,xakRaz,BvAxiH,SAsane
xakR1,xakRaz,BvAxiH,SIGrArWe
xakR1,xakRaz,BvAxiH,hiMsAyAm
xaG2,xaGaz,svAxiH,GAwane
xaG2,xaGaz,svAxiH,pAlane
xaG1,xaGiz,BvAxiH,pAlane
xaG1,xaGiz,BvAxiH,varjane
xaNda1,xaNda,curAxiH,xaNdanipAwane
xax1,xaxaz,BvAxiH,xAne
xaX1,xaXaz,BvAxiH,XAraNe
xanB1,xanBuz,svAxiH,xamBe
xanS1,xanSaz,BvAxiH,xaMSane
xaB1,xaBaz,curAxiH,kRepe
xam1,xamuz,xivAxiH,upaSamane
xay1,xayaz,BvAxiH,AxAne
xay1,xayaz,BvAxiH,gawO
xay1,xayaz,BvAxiH,xAne
xay1,xayaz,BvAxiH,rakRaNe
xay1,xayaz,BvAxiH,hiMsAyAm
xarixrA1,xarixrA,axAxiH,xurgawO
xal2,xalaz,curAxiH,vixAraNe
xal1,xalaz,BvAxiH,viSaraNe
xav1,xaviz,BvAxiH,gawO
xaS2,xaSiz,curAxiH,xaMSane
xaS1,xaSiz,curAxiH,BARArWe
xaS1,xaSiz,curAxiH,BAsArWe
xas3,xasiz,curAxiH,xaMSane
xas3,xasiz,curAxiH,xarSane
xas2,xasiz,curAxiH,BARArWe
xas2,xasiz,curAxiH,BAsArWe
xas3,xasiz,curAxiH,hiMsAyAm
xas1,xasuz,xivAxiH,upakRaye
xas1,xasuz,xivAxiH,prakRepaNe
xah1,xahaz,BvAxiH,BasmIkaraNe
xah2,xahiz,curAxiH,rakRaNe
xA3,duxAF,juhowyAxiH,xAne
xA1,xAN,BvAxiH,xAne
xA2,xAp,axAxiH,lavane
xAn1,xAnaz,BvAxiH,avaKaNdane
xASa1,xASa,svAxiH,hiMsAyAm
xAS2,xASqz,curAxiH,xAne
xAS1,xASqz,BvAxiH,xAne
xAs1,xAsqz,BvAxiH,xAne
xiB1,xiBiz,curAxiH,kRepe
xiv1,xiviz,BvAxiH,prINane
xiv3,xivuz,curAxiH,arxane
xiv2,xivuz,xivAxiH,kAnwO
xiv2,xivuz,xivAxiH,krIdAyAm
xiv2,xivuz,xivAxiH,gawO
xiv2,xivuz,xivAxiH,xyuwO
xiv3,xivuz,curAxiH,parikUjane
xiv2,xivuz,xivAxiH,maxe
xiv2,xivuz,xivAxiH,moxane
xiv2,xivuz,xivAxiH,vijigIRAyAm
xiv2,xivuz,xivAxiH,vyavahAre
xiv2,xivuz,xivAxiH,swuwO
xiv2,xivuz,xivAxiH,svapne
xiS1,xiSaz,wuxAxiH,awisarjane
xih1,xihaz,axAxiH,upacaye
xih1,xihaz,axAxiH,upawApe
xI1,xIf,xivAxiH,kRaye
xIkR1,xIkRaz,BvAxiH,ijyAyAm
xIkR1,xIkRaz,BvAxiH,upanayane
xIkR1,xIkRaz,BvAxiH,niyame
xIkR1,xIkRaz,BvAxiH,mONdye
xIkR1,xIkRaz,BvAxiH,vrawAxeSe
xIXI1,xIXIf,axAxiH,xIpwO
xIXI1,xIXIf,axAxiH,xevane
xIp1,xIpIz,xivAxiH,xIpwO
xu2,tuxu,svAxiH,upawApe
xu1,xu,BvAxiH,gawO
xuHKa1,xuHKa,curAxiH,wawkriyAyAm
xud1,xudaz,wuxAxiH,nimajjane
xurv1,xurvIz,BvAxiH,hiMsAyAm
xul1,xulaz,curAxiH,uwkRepaNe
xuR1,xuRaz,xivAxiH,vEkqwye
xuh2,xuhaz,axAxiH,prapUraNe
xuh1,xuhizr,BvAxiH,arxane
xU1,xUf,xivAxiH,pariwApe
xq1,xq,BvAxiH,Baye
xq2,xq,svAxiH,hiMsAyAm
xq3,xqf,wuxAxiH,Axare
xqnP1,xqnPaz,wuxAxiH,uwkleSe
xqp1,xqpaz,xivAxiH,mocane
xqp1,xqpaz,xivAxiH,mohane
xqp2,xqpaz,curAxiH,sanxIpane
xqp1,xqpaz,xivAxiH,harRe
xqP1,xqPaz,wuxAxiH,uwkleSe
xqB3,xqBaz,curAxiH,sanxarBe
xqB1,xqBIz,wuxAxiH,granWe
xqB2,xqBIz,curAxiH,Baye
xqS1,xqSizr,BvAxiH,prekRaNe
xqh1,xqhaz,BvAxiH,vqxXO
xqh2,xqhiz,BvAxiH,vqxXO
xQ1,xQ,BvAxiH,Baye
xQ2,xQ,kryAxiH,vixAraNe
xe1,xef,BvAxiH,rakRaNe
xev1,xevqz,BvAxiH,xevane
xE1,xEp,BvAxiH,SoXane
xo1,xo,xivAxiH,avaKaNdane
xyu1,xyu,axAxiH,aBigamane
xyuw1,xyuwaz,BvAxiH,xIpwO
xyE1,xyE,BvAxiH,nyafgaviXAne
xram1,xramaz,BvAxiH,gawO
xrA1,xrA,axAxiH,kuwsAyAM_gawO
xrAkR1,xrAkRiz,BvAxiH,kAfkRAyAm
xrAkR1,xrAkRiz,BvAxiH,GoravAsiwe
xrAK1,xrAKqz,BvAxiH,alamarWe
xrAK1,xrAKqz,BvAxiH,SoRaNe
xrAG1,xrAGqz,BvAxiH,AyAme
xrAG1,xrAGqz,BvAxiH,AyAse
xrAG1,xrAGqz,BvAxiH,sAmarWye
xrAd1,xrAdqz,BvAxiH,viSaraNe
xrAh1,xrAhqz,BvAxiH,nikRepe
xrAh1,xrAhqz,BvAxiH,nixrAkRaye
xru1,xru,BvAxiH,gawO
xruN1,xruNaz,wuxAxiH,kOtilye
xruN1,xruNaz,wuxAxiH,gawO
xruN1,xruNaz,wuxAxiH,hiMsAyAm
xruh1,xruhaz,xivAxiH,jiGAMsAyAm
xrU1,xrUF,kryAxiH,hiMsAyAm
xrek1,xrekqz,BvAxiH,uwsAhe
xrek1,xrekqz,BvAxiH,Sabxe
xrE1,xrE,BvAxiH,svapne
xviR1,xviRaz,axAxiH,aprIwO
xvq1,xvq,BvAxiH,anAxare
xvq1,xvq,BvAxiH,varaNe
Xakk1,Xakkaz,curAxiH,nASane
XaN1,XaNaz,BvAxiH,Sabxe
Xan1,Xanaz,juhowyAxiH,XAnye
Xav1,Xaviz,BvAxiH,gawO
XA1,duXAF,juhowyAxiH,xAne
XA1,duXAF,juhowyAxiH,XAraNe
XA1,duXAF,juhowyAxiH,poRaNe
saMsAXanI,iw,XAwu,gaNa_mng
XAv1,XAvuz,BvAxiH,gawO
XAv1,XAvuz,BvAxiH,SuxXO
Xi1,Xi,wuxAxiH,XAraNe
Xi1,Xi,wuxAxiH,viXAraNe
XikR1,XikRaz,BvAxiH,kleSane
XikR1,XikRaz,BvAxiH,jIvane
XikR1,XikRaz,BvAxiH,sanxIpane
Xiv1,Xiviz,BvAxiH,prINane
XiR1,XiRaz,juhowyAxiH,Sabxe
XI1,XIf,xivAxiH,anAxare
XI1,XIf,xivAxiH,AxAne
XI1,XIf,xivAxiH,AXAre
Xu1,XuF,svAxiH,kampane
XukR1,XukRaz,BvAxiH,kleSane
XukR1,XukRaz,BvAxiH,jIvane
XukR1,XukRaz,BvAxiH,sanxIpane
Xurv1,XurvIz,BvAxiH,hiMsAyAm
XU2,XU,wuxAxiH,viXUnane
XU3,XUF,kryAxiH,kampane
XU4,XUF,curAxiH,kampane
XU1,XUF,svAxiH,kampane
XUp2,XUpaz,curAxiH,BARArWe
XUp2,XUpaz,curAxiH,BAsArWe
XUp1,XUpaz,BvAxiH,sanwApe
XUr1,XUrIz,xivAxiH,gawO
XUr1,XUrIz,xivAxiH,hiMsAyAm
XUR1,XURaz,curAxiH,kAnwikaraNe
XUs1,XUsaz,curAxiH,kAnwikaraNe
Xq2,Xqf,BvAxiH,avaXvaMsane
Xq3,Xqf,wuxAxiH,avasWAne
Xq1,XqF,BvAxiH,XAraNe
Xqj1,Xqjaz,BvAxiH,gawO
Xqj2,Xqjiz,BvAxiH,gawO
XqR1,FiXqRAz,svAxiH,prAgalBye
XqR2,XqRaz,curAxiH,aprasahane
XqR2,XqRaz,curAxiH,prasahane
Xe1,Xet,BvAxiH,pAne
Xek1,Xekqz,BvAxiH,uwsAhe
Xek1,Xekqz,BvAxiH,Sabxe
Xor1,Xorqz,BvAxiH,gawicAwurye
XmA1,XmA,BvAxiH,agnisaMyoge
XmA1,XmA,BvAxiH,Sabxe
XyE1,XyE,BvAxiH,cinwAyAm
Xraj1,Xrajaz,BvAxiH,gawO
Xraj2,Xrajiz,BvAxiH,gawO
XraN1,XraNaz,BvAxiH,Sabxe
Xras1,uzXrasaz,kryAxiH,uFCe
Xras2,uzXrasaz,curAxiH,uFCe
XrAkR1,XrAkRiz,BvAxiH,kAfkRAyAm
XrAkR1,XrAkRiz,BvAxiH,GoravAsiwe
XrAK1,XrAKqz,BvAxiH,alamarWe
XrAK1,XrAKqz,BvAxiH,SoRaNe
XrAG1,XrAGqz,BvAxiH,sAmarWye
XrAd1,XrAdqz,BvAxiH,viSaraNe
Xru2,Xru,wuxAxiH,gawO
Xru2,Xru,wuxAxiH,sWErye
Xru1,Xru,BvAxiH,sWErye
Xrek1,Xrekqz,BvAxiH,uwsAhe
Xrek1,Xrekqz,BvAxiH,Sabxe
XrE1,XrE,BvAxiH,wqpwO
Xvaj1,Xvajaz,BvAxiH,gawO
Xvaj2,Xvajiz,BvAxiH,gawO
XvaN1,XvaNaz,BvAxiH,Sabxe
Xvana1,Xvana,curAxiH,Sabxe
Xvan1,Xvanaz,BvAxiH,Sabxe
Xvans1,Xvansuz,BvAxiH,aXaHpawane
Xvans1,Xvansuz,BvAxiH,avasraMsane
Xvans1,Xvansuz,BvAxiH,gawO
XvAkR1,XvAkRiz,BvAxiH,kAfkRAyAm
XvAkR1,XvAkRiz,BvAxiH,GoravAsiwe
Xvq1,Xvq,BvAxiH,hUrcCane
nakk1,nakkaz,curAxiH,nASane
naK1,naKaz,BvAxiH,gawO
nat1,nataz,curAxiH,avasyanxane
nat1,nataz,curAxiH,BARArWe
nax1,tunaxiz,BvAxiH,samqxXO
narx1,narxaz,BvAxiH,Sabxe
narb1,narbaz,BvAxiH,gawO
nAW1,nAWqz,BvAxiH,ASiRi
nAW1,nAWqz,BvAxiH,upawApe
nAW1,nAWqz,BvAxiH,ESvarye
nAW1,nAWqz,BvAxiH,yAFcAyAm
nAX1,nAXqz,BvAxiH,ASiRi
nAX1,nAXqz,BvAxiH,upawApe
nAX1,nAXqz,BvAxiH,ESvarye
nAX1,nAXqz,BvAxiH,yAFcAyAm
nivAsa1,nivAsa,curAxiH,AcCAxane
nq1,nq,BvAxiH,naye
nqw1,nqwIz,xivAxiH,gAwravikRepe
nQ2,nQ,kryAxiH,naye
nQ1,nQ,BvAxiH,naye
pakR2,pakRaz,curAxiH,parigrahe
pakR1,pakRaz,BvAxiH,parigrahe
pac1,dupacazR,BvAxiH,pAke
pac3,paciz,curAxiH,viswAre
pac2,paciz,BvAxiH,vyakwIkaraNe
pata1,pata,curAxiH,granWe
pat1,pataz,BvAxiH,gawO
pat2,pataz,curAxiH,BARArWe
pat2,pataz,curAxiH,BAsArWe
paT1,paTaz,BvAxiH,vyakwAyAM_vAci
pad1,padiz,BvAxiH,gawO
pad2,padiz,curAxiH,nASane
paN1,paNaz,BvAxiH,vyavahAre
paN1,paNaz,BvAxiH,swuwO
pawa1,pawa,curAxiH,gawO
paw1,pawLz,BvAxiH,gawO
paW2,paWiz,curAxiH,gawO
paW1,paWez,BvAxiH,gawO
paxa1,paxa,curAxiH,gawO
pax1,paxaz,xivAxiH,gawO
pan1,panaz,BvAxiH,vyavahAre
pan1,panaz,BvAxiH,swuwO
pay1,payaz,BvAxiH,gawO
parNa1,parNa,curAxiH,hariwaBAve
parW1,parWaz,curAxiH,prakRepaNe
parx1,parxaz,BvAxiH,kuwsiwe_Sabxe
parp1,parpaz,BvAxiH,gawO
parb1,parbaz,BvAxiH,gawO
parv1,parvaz,BvAxiH,gawO
parv1,parvaz,BvAxiH,pUraNe
parv1,parvaz,BvAxiH,pUrwO
parR1,parRaz,BvAxiH,snehane
pal1,palaz,BvAxiH,gawO
pal2,palaz,curAxiH,rakRaNe
palyUla1,palyUla,curAxiH,pavane
palyUla1,palyUla,curAxiH,lavane
paSa1,paSa,curAxiH,anupasarge
paS1,paSaz,curAxiH,banXane
paRa1,paRa,curAxiH,anupasarge
pas1,pasiz,curAxiH,nASane
pA1,pA,BvAxiH,pAne
pA2,pA,axAxiH,rakRaNe
pAra1,pAra,curAxiH,karmasamApwO
pAl1,pAlaz,curAxiH,rakRaNe
pi1,pi,wuxAxiH,gawO
picc1,piccaz,curAxiH,kuttane
piC1,piCaz,curAxiH,kuttane
pij2,pijiz,curAxiH,nikewane
pij2,pijiz,curAxiH,balAxAne
pij2,pijiz,curAxiH,BARArWe
pij2,pijiz,curAxiH,BAsArWe
pij1,pijiz,axAxiH,varNe
pij2,pijiz,curAxiH,hiMsAyAm
pit1,pitaz,BvAxiH,Sabxe
pit1,pitaz,BvAxiH,safGAwe
piT1,piTaz,BvAxiH,safkleSane
piT1,piTaz,BvAxiH,hiMsAyAm
pid2,pidiz,curAxiH,safGAwe
pid1,pidiz,BvAxiH,safGAwe
pil1,pilaz,curAxiH,kRepe
piv1,piviz,BvAxiH,secane
piv1,piviz,BvAxiH,sevane
piv1,piviz,BvAxiH,sraMsane
piS1,piSaz,wuxAxiH,avayave
piR1,piRLz,ruXAxiH,saFcUrNane
pis2,pisaz,curAxiH,gawO
pis3,pisiz,curAxiH,BARArWe
pis1,pisqz,BvAxiH,gawO
pI1,pIf,xivAxiH,pAne
pId1,pIdaz,curAxiH,avagAhane
pId1,pIdaz,curAxiH,gahane
pIl1,pIlaz,BvAxiH,prawiRtamBe
pIv1,pIvaz,BvAxiH,sWOlye
puMs1,puMsaz,curAxiH,aBimarxane
puMs1,puMsaz,curAxiH,aBivarXane
puta1,puta,curAxiH,saMsarge
put2,putaz,curAxiH,BARArWe
put2,putaz,curAxiH,BAsArWe
put1,putaz,wuxAxiH,saMSleRaNe
put2,putaz,curAxiH,saFcUrNane
put3,putiz,curAxiH,BARArWe
pud2,pudaz,wuxAxiH,uwsarge
pud1,pudiz,BvAxiH,KaNdane
puN1,puNaz,wuxAxiH,karmaNi_SuBe
puN1,puNaz,wuxAxiH,kOtilye
puwt1,puwtaz,curAxiH,alpIBAve
puW4,puWaz,curAxiH,BARArWe
puW4,puWaz,curAxiH,BAsArWe
puW3,puWaz,xivAxiH,hiMsAyAm
puW2,puWiz,BvAxiH,safkleSane
puW2,puWiz,BvAxiH,hiMsAyAm
puW1,puWez,BvAxiH,gawO
pur1,puraz,wuxAxiH,agragamane
purv1,purvaz,BvAxiH,pUrwO
pul2,pulaz,curAxiH,mahawve
pul1,pulaz,BvAxiH,mahawve
pul2,pulaz,curAxiH,samucCrAye
puR4,puRaz,curAxiH,XAraNe
puR3,puRaz,kryAxiH,puRtO
puR2,puRaz,xivAxiH,puRtO
puR1,puRaz,BvAxiH,puRtO
puRp1,puRpaz,xivAxiH,vikasane
pusw1,puswaz,curAxiH,anAxare
pusw1,puswaz,curAxiH,Axare
pusw1,puswaz,curAxiH,safGAwe
pU1,pUf,BvAxiH,pavane
pU2,pUF,kryAxiH,pavane
pUj1,pUjaz,curAxiH,pUjAyAm
pUy1,pUyIz,BvAxiH,xurganXe
pUy1,pUyIz,BvAxiH,viSaraNe
pUr2,pUrIz,curAxiH,ApyAyane
pUr1,pUrIz,xivAxiH,ApyAyane
pUrv2,pUrvaz,curAxiH,nikewane
pUrv1,pUrvaz,BvAxiH,pUraNe
pUl2,pUlaz,curAxiH,safGAwe
pUl1,pUlaz,BvAxiH,safGAwe
pUR1,pURaz,BvAxiH,vqxXO
pq2,pq,svAxiH,prIwO
pq3,pqf,wuxAxiH,vyAyAme
pqc3,pqcaz,curAxiH,saMyamane
pqc1,pqcIz,axAxiH,samparke
pqc2,pqcIz,ruXAxiH,samparke
pqc1,pqcIz,axAxiH,samparcane
pqc4,pqcIz,curAxiH,samparcane
pqj1,pqjIz,axAxiH,samparke
pqd1,pqdaz,wuxAxiH,suKe
pqN1,pqNaz,wuxAxiH,prINane
pqW2,pqWaz,curAxiH,prakRepaNe
pqW1,pqWuz,BvAxiH,viswAre
pqR1,pqRuz,BvAxiH,secane
pQ2,pQ,kryAxiH,pAlane
pQ1,pQ,juhowyAxiH,pAlane
pQ2,pQ,kryAxiH,pUraNe
pQ3,pQ,curAxiH,pUraNe
pQ1,pQ,juhowyAxiH,pUraNe
peb1,pebqz,BvAxiH,sevane
pel1,pelqz,BvAxiH,gawO
pev1,pevqz,BvAxiH,secane
pev1,pevqz,BvAxiH,sevane
pes1,pesqz,BvAxiH,gawO
pE1,pE,BvAxiH,SoRaNe
pEN1,pENqz,BvAxiH,gawO
pEN1,pENqz,BvAxiH,preraNe
pEN1,pENqz,BvAxiH,SleRaNe
pyAy1,ozpyAyIz,BvAxiH,vqxXO
pyus1,pyusaz,xivAxiH,viBAge
pyE1,pyEf,BvAxiH,vqxXO
praC1,praCaz,wuxAxiH,jFIpsAyAm
praW2,praWaz,curAxiH,praKyAne
praW1,praWaz,BvAxiH,praKyAne
pras1,prasaz,BvAxiH,prasave
pras1,prasaz,BvAxiH,viswAre
prA1,prA,axAxiH,pUraNe
prI1,prIf,xivAxiH,prIwO
prI2,prIF,kryAxiH,kAnwO
prI2,prIF,kryAxiH,warpaNe
prI3,prIF,curAxiH,warpaNe
pru1,pruf,BvAxiH,gawO
pruR2,pruRaz,kryAxiH,pUraNe
pruR2,pruRaz,kryAxiH,mocane
pruR2,pruRaz,kryAxiH,secane
pruR2,pruRaz,kryAxiH,sevane
pruR2,pruRaz,kryAxiH,snehane
pruR1,pruRuz,BvAxiH,xAhe
preR1,preRqz,BvAxiH,gawO
preR1,preRqz,BvAxiH,yawne
proW1,proWqz,BvAxiH,paryApwO
plih1,plihaz,BvAxiH,gawO
plI1,plI,kryAxiH,gawO
plI1,plI,kryAxiH,SleRaNe
plu1,pluf,BvAxiH,gawO
pluR2,pluRaz,xivAxiH,xAhe
pluR3,pluRaz,kryAxiH,pUraNe
pluR3,pluRaz,kryAxiH,mocane
pluR3,pluRaz,kryAxiH,secane
pluR3,pluRaz,kryAxiH,sevane
pluR3,pluRaz,kryAxiH,snehane
pluR1,pluRuz,BvAxiH,xAhe
pleb1,plebqz,BvAxiH,gawO
plev1,plevqz,BvAxiH,gawO
plev1,plevqz,BvAxiH,sevane
psA1,psA,axAxiH,BakRaNe
Pakk1,Pakkaz,BvAxiH,nIcErgawO
PaN1,PaNaz,BvAxiH,gawO
Pal1,FiPalAz,BvAxiH,viSaraNe
Pal2,Palaz,BvAxiH,niRpawwO
Pull1,Pullaz,BvAxiH,vikasane
Pel1,Pelqz,BvAxiH,gawO
bax1,baxaz,BvAxiH,sWErye
baX1,baXaz,BvAxiH,banXane
baX2,baXaz,curAxiH,saMyamane
banX1,banXaz,kryAxiH,banXane
baBr1,baBraz,BvAxiH,gawO
barb1,barbaz,BvAxiH,gawO
barh1,barhaz,BvAxiH,xAne
barh1,barhaz,BvAxiH,pariBARaNe
barh1,barhaz,BvAxiH,prAXAnye
barh2,barhaz,curAxiH,BAsArWe
barh2,barhaz,curAxiH,hiMsAyAm
barh1,barhaz,BvAxiH,hiMsAyAm
bal1,balaz,BvAxiH,XAnyAvaroXe
bal2,balaz,curAxiH,prANane
bal1,balaz,BvAxiH,prANane
bal2,balaz,curAxiH,BqwO
balh1,balhaz,BvAxiH,xAne
balh1,balhaz,BvAxiH,pariBARaNe
balh1,balhaz,BvAxiH,prAXAnye
balh2,balhaz,curAxiH,BAsArWe
balh1,balhaz,BvAxiH,hiMsAyAm
baRka1,baRka,curAxiH,xarSane
basw1,baswaz,curAxiH,arxane
bah2,bahiz,curAxiH,BAsArWe
bah1,bahiz,BvAxiH,vqxXO
bAX1,bAXqz,BvAxiH,rotane
bAX1,bAXqz,BvAxiH,lodane
bAh1,bAhqz,BvAxiH,prayawne
bit1,bitaz,BvAxiH,AkroSe
bid1,bidaz,BvAxiH,AkroSe
bix1,bixiz,BvAxiH,avayave
bil2,bilaz,curAxiH,Bexane
bil1,bilaz,wuxAxiH,Bexane
bis1,bisaz,xivAxiH,preraNe
bukk1,bukkaz,BvAxiH,BaRaNe
bukk2,bukkaz,curAxiH,BARaNe
bukk1,bukkaz,BvAxiH,BARaNe
bud1,budaz,wuxAxiH,saMvaraNe
buX3,buXaz,xivAxiH,avagamane
buX1,buXaz,BvAxiH,avagamane
buX2,buXizr,BvAxiH,boXane
bunx1,uzbunxizr,BvAxiH,niSAmane
bul1,bulaz,curAxiH,nimajjane
bus1,busaz,xivAxiH,uwsarge
busw1,buswaz,curAxiH,anAxare
busw1,buswaz,curAxiH,Axare
bqh1,bqhaz,BvAxiH,vqxXO
bqh2,bqhiz,BvAxiH,vqxXO
bqh2,bqhiz,BvAxiH,Sabxe
bqh3,bqhuz,wuxAxiH,uxyamane
brIs1,brIsaz,curAxiH,hiMsAyAm
brU1,brUF,axAxiH,vyakwAyAM_vAci
brUs1,brUsaz,curAxiH,hiMsAyAm
blI1,blI,kryAxiH,varaNe
bleRka1,bleRka,curAxiH,xarSane
BakR2,BakRaz,curAxiH,axane
BakR1,BakRaz,BvAxiH,BakRaNe
Baj2,Bajaz,curAxiH,viSrANane
Baj1,Bajaz,BvAxiH,sevAyAm
Baj3,Bajiz,curAxiH,BARArWe
Bat1,Bataz,BvAxiH,pariBARaNe
Bat1,Bataz,BvAxiH,BqwO
Bad2,Badiz,curAxiH,kalyANe
Bad1,Badiz,BvAxiH,pariBARaNe
Bad1,Badiz,BvAxiH,parihAse
BaN1,BaNaz,BvAxiH,Sabxe
Bax1,Baxiz,BvAxiH,kalyANe
Bax1,Baxiz,BvAxiH,suKe
Banj1,Banjoz,ruXAxiH,Amarxane
Barws1,Barwsaz,curAxiH,sanwarjane
Barb1,Barbaz,BvAxiH,gawO
Barv1,Barvaz,BvAxiH,hiMsAyAm
Bal2,Balaz,curAxiH,ABaNdane
Bal1,Balaz,BvAxiH,xAne
Bal1,Balaz,BvAxiH,pariBARaNe
Bal1,Balaz,BvAxiH,hiMsAyAm
Ball1,Ballaz,BvAxiH,xAne
Ball1,Ballaz,BvAxiH,pariBARaNe
Ball1,Ballaz,BvAxiH,hiMsAyAm
BaR1,BaRaz,BvAxiH,Barwsane
Bas1,Basaz,juhowyAxiH,xIpwO
Bas1,Basaz,juhowyAxiH,Barwsane
BA1,BA,axAxiH,xIpwO
BAja1,BAja,curAxiH,pqWakkarmaNi
BAma1,BAma,curAxiH,kroXe
BAm1,BAmaz,BvAxiH,kroXe
BAR1,BARaz,BvAxiH,vyakwAyAM_vAci
BAs1,BAsqz,BvAxiH,xIpwO
BikR1,BikRaz,BvAxiH,alABe
BikR1,BikRaz,BvAxiH,BikRAyAm
BikR1,BikRaz,BvAxiH,yAFcAyAm
BikR1,BikRaz,BvAxiH,lABe
Bix1,Bixizr,ruXAxiH,vixAraNe
BI1,FiBI,juhowyAxiH,Baye
Buj2,Bujaz,ruXAxiH,aByavahAre
Buj2,Bujaz,ruXAxiH,pAlane
Buj3,Bujiz,curAxiH,BARArWe
Buj1,Bujoz,wuxAxiH,kOtilye
Buv1,Buvoz,curAxiH,avakalkane
BU2,BU,curAxiH,prApwO
BU1,BU,BvAxiH,sawwAyAm
BUR2,BURaz,curAxiH,alafkAre
BUR1,BURaz,BvAxiH,alafkAre
Bq2,duBqF,juhowyAxiH,XAraNe
Bq2,duBqF,juhowyAxiH,poRaNe
Bq1,BqF,BvAxiH,BaraNe
Bqj1,BqjIz,BvAxiH,Barjane
BqS2,BqSiz,curAxiH,BARArWe
BqS1,BqSuz,xivAxiH,aXaHpawane
BqR1,BqRuz,BvAxiH,safGAwe
BqR1,BqRuz,BvAxiH,hiMsAyAm
BQ1,BQ,kryAxiH,BaraNe
BQ1,BQ,kryAxiH,Barjane
BQ1,BQ,kryAxiH,Barwsane
BeR1,BeRqz,BvAxiH,Baye
Byas1,Byasaz,BvAxiH,Baye
BrakR1,BrakRaz,BvAxiH,axane
BraN1,BraNaz,BvAxiH,Sabxe
BranS2,BranSuz,xivAxiH,aXaHpawane
BranS1,BranSuz,BvAxiH,aXaHpawane
BranS1,BranSuz,BvAxiH,avasraMsane
Brans1,Bransuz,BvAxiH,avasraMsane
Bram2,Bramuz,xivAxiH,anavasWAne
Bram1,Bramuz,BvAxiH,calane
Brasj1,Brasjaz,wuxAxiH,pAke
BrAj2,tuBrAjqz,BvAxiH,xIpwO
BrAj1,BrAjqz,BvAxiH,xIpwO
BrAS1,tuBrASqz,BvAxiH,xIpwO
BrI1,BrI,kryAxiH,Baye
BrI1,BrI,kryAxiH,BaraNe
Brud1,Brudaz,wuxAxiH,saMvaraNe
BrUN1,BrUNaz,curAxiH,ASAyAm
Brej1,Brejqz,BvAxiH,xIpwO
BreR1,BreRqz,BvAxiH,gawO
BreR1,BreRqz,BvAxiH,calane
BreR1,BreRqz,BvAxiH,Baye
BlakR1,BlakRaz,BvAxiH,BakRaNe
BlAS1,tuBlASqz,BvAxiH,xIpwO
BleR1,BleRqz,BvAxiH,calane
mak1,makiz,BvAxiH,maNdane
makR1,makRaz,BvAxiH,roRe
maK1,maKaz,BvAxiH,gawO
maK2,maKiz,BvAxiH,gawO
mag1,magiz,BvAxiH,gawO
maG1,maGiz,BvAxiH,kEwave
maG1,maGiz,BvAxiH,gawyAkRepe
maG2,maGiz,BvAxiH,maNdane
mac1,macaz,BvAxiH,kalkane
mac2,maciz,BvAxiH,ucCrAye
mac2,maciz,BvAxiH,XAraNe
mac2,maciz,BvAxiH,pUjane
maj1,majaz,BvAxiH,Sabxe
maT1,maTaz,BvAxiH,nivAse
maT1,maTaz,BvAxiH,maxe
maT2,maTiz,BvAxiH,Soke
mad3,madiz,curAxiH,BURAyAm
mad1,madiz,BvAxiH,BURAyAm
mad2,madiz,BvAxiH,viBAjane
mad2,madiz,BvAxiH,veRtane
mad3,madiz,curAxiH,harRe
maN1,maNaz,BvAxiH,Sabxe
mawr1,mawriz,curAxiH,gupwaBARaNe
maW2,maWiz,BvAxiH,safkleSane
maW2,maWiz,BvAxiH,hiMsAyAm
maW1,maWez,BvAxiH,vilodane
max3,maxaz,curAxiH,wqpwiyoge
max1,maxiz,BvAxiH,kAnwO
max1,maxiz,BvAxiH,gawO
max1,maxiz,BvAxiH,maxe
max1,maxiz,BvAxiH,moxane
max1,maxiz,BvAxiH,swuwO
max1,maxiz,BvAxiH,svapne
max2,maxIz,xivAxiH,harRe
man1,manaz,xivAxiH,jFAne
man3,manaz,curAxiH,swamBe
manW2,manWaz,kryAxiH,vilodane
manW1,manWaz,BvAxiH,vilodane
manW1,manWaz,BvAxiH,safkleSane
manW1,manWaz,BvAxiH,hiMsAyAm
maBr1,maBraz,BvAxiH,gawO
may1,mayaz,BvAxiH,gawO
marc1,marcaz,curAxiH,Sabxe
marb1,marbaz,BvAxiH,gawO
marv1,marvaz,BvAxiH,pUraNe
marv1,marvaz,BvAxiH,pUrwO
mal1,malaz,BvAxiH,XAraNe
mall1,mallaz,BvAxiH,XAraNe
mav1,mavaz,BvAxiH,banXane
mavy1,mavyaz,BvAxiH,banXane
maS1,maSaz,BvAxiH,roRe
maS1,maSaz,BvAxiH,Sabxe
maS1,maSaz,BvAxiH,samAXO
maR1,maRaz,BvAxiH,hiMsAyAm
mas1,masIz,xivAxiH,pariNAme
mas1,masIz,xivAxiH,parimANe
mas1,masIz,xivAxiH,pramANe
mask1,maskaz,BvAxiH,gawO
masj1,tumasjoz,wuxAxiH,SuxXO
maha1,maha,curAxiH,pUjAyAm
mah1,mahaz,BvAxiH,pUjAyAm
mah3,mahiz,curAxiH,BARArWe
mah3,mahiz,curAxiH,BAsArWe
mah2,mahiz,BvAxiH,vqxXO
mA1,mA,axAxiH,mAne
mA2,mAf,juhowyAxiH,mAne
mA3,mAf,xivAxiH,mAne
mA2,mAf,juhowyAxiH,Sabxe
mAkR1,mAkRiz,BvAxiH,kAfkRAyAm
mAn2,mAnaz,curAxiH,pUjAyAm
mAn1,mAnaz,BvAxiH,pUjAyAm
mArg1,mArgaz,curAxiH,anveRaNe
mArj1,mArjaz,curAxiH,Sabxe
mAh2,mAhaz,BvAxiH,mAne
mAh1,mAhqz,BvAxiH,mAne
mi1,dumiF,svAxiH,prakRepaNe
miC1,miCaz,wuxAxiH,uwkleSe
mij1,mijiz,curAxiH,BARArWe
miW1,miWqz,BvAxiH,meXAyAm
miW1,miWqz,BvAxiH,hiMsAyAm
mix3,FimixAz,xivAxiH,snehane
mix2,FimixAz,BvAxiH,snehane
mix4,mixiz,curAxiH,snehane
mix1,mixqz,BvAxiH,meXAyAm
mix1,mixqz,BvAxiH,hiMsAyAm
mil1,milaz,wuxAxiH,SleRaNe
mil2,milaz,wuxAxiH,safgame
miv1,miviz,BvAxiH,secane
miv1,miviz,BvAxiH,sevane
miv1,miviz,BvAxiH,sraMsane
miS1,miSaz,BvAxiH,roRe
miS1,miSaz,BvAxiH,Sabxe
miS1,miSaz,BvAxiH,samAXO
miSra1,miSra,curAxiH,samparke
miSra1,miSra,curAxiH,samparcane
miR2,miRaz,wuxAxiH,sparXAyAm
miR1,miRuz,BvAxiH,secane
miR1,miRuz,BvAxiH,sevane
mih1,mihaz,BvAxiH,secane
mI3,mI,curAxiH,gawO
mI3,mI,curAxiH,manane
mI1,mIf,xivAxiH,hiMsAyAm
mI2,mIF,kryAxiH,hiMsAyAm
mIm1,mImqz,BvAxiH,gawO
mIm1,mImqz,BvAxiH,Sabxe
mIl1,mIlaz,BvAxiH,nimeRaNe
mIv1,mIvaz,BvAxiH,sWOlye
muc3,mucaz,curAxiH,pramocane
muc3,mucaz,curAxiH,moxane
muc1,muciz,BvAxiH,kalkane
muc2,mucLz,wuxAxiH,mokRaNe
muj1,mujaz,BvAxiH,Sabxe
muj2,mujiz,BvAxiH,Sabxe
mut2,mutaz,wuxAxiH,AkRepe
mut2,mutaz,wuxAxiH,pramarxane
mut1,mutaz,BvAxiH,pramarxane
mut3,mutaz,curAxiH,saFcUrNane
muT1,muTiz,BvAxiH,palAyane
muT1,muTiz,BvAxiH,pAlane
mud2,mudiz,BvAxiH,KaNdane
mud2,mudiz,BvAxiH,pramarxane
mud1,mudiz,BvAxiH,majjane
mud1,mudiz,BvAxiH,mArjane
muN1,muNaz,wuxAxiH,prawijFAne
mux2,muxaz,curAxiH,saMsarge
mux1,muxaz,BvAxiH,harRe
mur1,muraz,wuxAxiH,saMveRtane
murC1,murCAz,BvAxiH,mohane
murC1,murCAz,BvAxiH,samucCrAye
murv1,murvIz,BvAxiH,banXane
muR2,muRaz,kryAxiH,sweye
muR1,muRaz,BvAxiH,hiMsAyAm
mus1,musaz,xivAxiH,KaNdane
musw1,muswaz,curAxiH,safGAwe
muh1,muhaz,xivAxiH,vEciwye
mU1,mUf,BvAxiH,banXane
mUwra1,mUwra,curAxiH,prasravaNe
mUl1,mUlaz,BvAxiH,prawiRTAyAm
mUl2,mUlaz,curAxiH,rohaNe
mUR1,mURaz,BvAxiH,sweye
mq1,mqf,wuxAxiH,prANawyAge
mqkR1,mqkRaz,BvAxiH,safGAwe
mqga1,mqga,curAxiH,anveRaNe
mqj2,mqjUz,curAxiH,alafkAre
mqj2,mqjUz,curAxiH,SOce
mqj1,mqjUzR,axAxiH,SuxXO
mqd2,mqdaz,kryAxiH,kRoxe
mqd2,mqdaz,kryAxiH,suKe
mqd1,mqdaz,wuxAxiH,suKe
mqN1,mqNaz,wuxAxiH,hiMsAyAm
mqx1,mqxaz,kryAxiH,kRoxe
mqX1,mqXuz,BvAxiH,unxe
mqX2,mqXqz,BvAxiH,unxe
mqS1,mqSaz,wuxAxiH,AmarSane
mqR3,mqRaz,curAxiH,wiwikRAyAm
mqR2,mqRaz,xivAxiH,wiwikRAyAm
mqR1,mqRuz,BvAxiH,sahane
mqR1,mqRuz,BvAxiH,secane
mQ1,mQ,kryAxiH,hiMsAyAm
me1,mef,BvAxiH,praNixAne
met1,metqz,BvAxiH,unmAxe
meW1,meWqz,BvAxiH,meXAyAm
meW1,meWqz,BvAxiH,hiMsAyAm
mex1,mexqz,BvAxiH,meXAyAm
mex1,mexqz,BvAxiH,hiMsAyAm
meX1,meXqz,BvAxiH,meXAyAm
meX1,meXqz,BvAxiH,safgame
meX1,meXqz,BvAxiH,hiMsAyAm
mep1,mepqz,BvAxiH,gawO
mev1,mevqz,BvAxiH,secane
mev1,mevqz,BvAxiH,sevane
mokR1,mokRaz,curAxiH,asane
mnA1,mnA,BvAxiH,aByAse
mrakR2,mrakRaz,curAxiH,mrakRaNe
mrakR2,mrakRaz,curAxiH,mlecCane
mrakR1,mrakRaz,BvAxiH,safGAwe
mrax1,mraxaz,BvAxiH,marxane
mruc1,mrucuz,BvAxiH,gawO
mrunc1,mruncuz,BvAxiH,gawO
mret1,mretqz,BvAxiH,unmAxe
mluc1,mlucuz,BvAxiH,gawO
mlunc1,mluncuz,BvAxiH,gawO
mleC2,mleCaz,curAxiH,avyakwAyAM_vAci
mleC1,mleCaz,BvAxiH,avyakwAyAM_vAci
mleC1,mleCaz,BvAxiH,avyakwe_Sabxe
mlet1,mletqz,BvAxiH,unmAxe
mled1,mledqz,BvAxiH,unmAxe
mlev1,mlevqz,BvAxiH,secane
mlev1,mlevqz,BvAxiH,sevane
mlE1,mlE,BvAxiH,gAwravinAme
mlE1,mlE,BvAxiH,harRakRaye
yakR1,yakRaz,curAxiH,pUjAyAm
yaj1,yajaz,BvAxiH,xAne
yaj1,yajaz,BvAxiH,xevapUjAyAm
yaj1,yajaz,BvAxiH,safgawikaraNe
yaw2,yawaz,curAxiH,upaskAre
yaw2,yawaz,curAxiH,nikAre
yaw1,yawIz,BvAxiH,prayawne
yawr1,yawriz,curAxiH,safkocane
yaB1,yaBaz,BvAxiH,viparIwamEWune
yam2,yamaz,BvAxiH,uparame
yam3,yamaz,curAxiH,pariveRaNe
yam1,yamuz,BvAxiH,uparame
yay1,yayaz,BvAxiH,gawO
yas1,yasuz,xivAxiH,prayawne
yas1,yasuz,xivAxiH,yawne
yA1,yA,axAxiH,prApaNe
yAc1,tuyAcqz,BvAxiH,yAFcAyAm
yAc2,duyAcqz,BvAxiH,yAFcAyAm
yu3,yu,curAxiH,jugupsAyAm
yu1,yu,axAxiH,miSraNe
yu2,yuF,kryAxiH,banXane
yug1,yugiz,BvAxiH,varjane
yuC1,yuCaz,BvAxiH,pramAxe
yuj3,yujaz,curAxiH,saMyamane
yuj1,yujaz,xivAxiH,samAXO
yuj3,yujaz,curAxiH,samparcane
yuj2,yujizr,ruXAxiH,yoge
yuw1,yuwqz,BvAxiH,BAsane
yuX1,yuXaz,xivAxiH,samprahAre
yup1,yupaz,xivAxiH,vimohane
yUR1,yURaz,BvAxiH,hiMsAyAm
yeR1,yeRqz,BvAxiH,prayawne
yOt1,yOtqz,BvAxiH,banXane
rak1,rakaz,curAxiH,AsvAxane
rakR1,rakRaz,BvAxiH,pAlane
raK1,raKaz,BvAxiH,gawO
raK2,raKiz,BvAxiH,gawO
rag3,ragaz,curAxiH,AsvAxane
rag1,ragiz,BvAxiH,gawO
rag2,ragez,BvAxiH,SafkAyAm
raG1,raGiz,BvAxiH,gawO
raG2,raGiz,curAxiH,BARArWe
raG2,raGiz,curAxiH,BAsArWe
raca1,raca,curAxiH,prawiyawne
rat1,rataz,BvAxiH,pariBARaNe
raT1,raTaz,BvAxiH,pariBARaNe
raN1,raNaz,BvAxiH,gawO
raN1,raNaz,BvAxiH,Sabxe
rax1,raxaz,BvAxiH,vileKane
raX1,raXaz,xivAxiH,saMrAxXO
raX1,raXaz,xivAxiH,hiMsAyAm
ranj2,ranjaz,xivAxiH,rAge
ranj1,ranjaz,BvAxiH,rAge
rap1,rapaz,BvAxiH,vyakwAyAM_vAci
raP1,raPaz,BvAxiH,gawO
raP2,raPiz,BvAxiH,gawO
rab1,rabiz,BvAxiH,Sabxe
raB1,raBaz,BvAxiH,rABasye
ram2,ramaz,BvAxiH,krIdAyAm
ram1,ramuz,BvAxiH,krIdAyAm
ray1,rayaz,BvAxiH,gawO
rarPa1,rarPa,BvAxiH,gawO
rav1,raviz,BvAxiH,gawO
rasa1,rasa,curAxiH,AsvAxane
rasa1,rasa,curAxiH,snehane
ras1,rasaz,BvAxiH,Sabxe
raha1,raha,curAxiH,wyAge
rahi1,rahi,curAxiH,gawO
rah4,rahaz,curAxiH,wyAge
rah2,rahaz,BvAxiH,wyAge
rah1,rahiz,BvAxiH,gawO
rah3,rahiz,curAxiH,BARArWe
rA1,rA,axAxiH,xAne
rAK1,rAKqz,BvAxiH,alamarWe
rAK1,rAKqz,BvAxiH,SoRaNe
rAG1,rAGqz,BvAxiH,sAmarWye
rAj1,rAjqz,BvAxiH,xIpwO
rAX2,rAXaz,svAxiH,saMsixXO
rAX1,rAXoz,xivAxiH,vqxXO
rAs1,rAsqz,BvAxiH,Sabxe
ri2,ri,wuxAxiH,gawO
ri1,ri,svAxiH,hiMsAyAm
rig1,rigiz,BvAxiH,gawO
ric2,ricaz,curAxiH,viyojane
ric2,ricaz,curAxiH,samparcane
ric1,ricizr,ruXAxiH,virecane
riP1,riPaz,wuxAxiH,kawWane
riP1,riPaz,wuxAxiH,xAne
riP1,riPaz,wuxAxiH,ninxane
riP1,riPaz,wuxAxiH,yuxXe
riP1,riPaz,wuxAxiH,hiMsAyAm
riv1,riviz,BvAxiH,gawO
riS1,riSaz,wuxAxiH,hiMsAyAm
riR1,riRaz,BvAxiH,hiMsAyAm
rI2,rI,kryAxiH,gawO
rI2,rI,kryAxiH,reRaNe
rI1,rIf,xivAxiH,SravaNe
rI1,rIf,xivAxiH,sravaNe
ru2,ru,axAxiH,Sabxe
ru1,ruf,BvAxiH,gawO
ru1,ruf,BvAxiH,reRaNe
rukRa1,rukRa,curAxiH,pAruRye
rug1,rugiz,BvAxiH,varjane
ruc1,rucaz,BvAxiH,aBiprIwO
ruc1,rucaz,BvAxiH,xIpwO
ruj2,rujaz,curAxiH,hiMsAyAm
ruj1,rujoz,wuxAxiH,Bafge
rut1,rutaz,BvAxiH,xIpwO
rut1,rutaz,BvAxiH,prawiGAwe
rut3,rutaz,curAxiH,BAsArWe
rut3,rutaz,curAxiH,roRe
rut2,rutiz,BvAxiH,sweye
ruT1,ruTaz,BvAxiH,upaGAwe
ruT1,ruTaz,BvAxiH,prawiGAwe
ruT3,ruTaz,curAxiH,BARArWe
ruT2,ruTiz,BvAxiH,Alasye
ruT2,ruTiz,BvAxiH,gawiprawiGAwe
ruT2,ruTiz,BvAxiH,gawO
ruT2,ruTiz,BvAxiH,sweye
rux1,ruxizr,axAxiH,aSruvimocane
ruX1,ruXizr,ruXAxiH,AvaraNe
rup1,rupaz,xivAxiH,vimohane
ruS1,ruSaz,wuxAxiH,hiMsAyAm
ruR3,ruRaz,curAxiH,roRe
ruR2,ruRaz,xivAxiH,roRe
ruR1,ruRaz,BvAxiH,hiMsAyAm
rus1,rusiz,curAxiH,BARArWe
ruh1,ruhaz,BvAxiH,avagamane
ruh1,ruhaz,BvAxiH,janmaniprAxurBAve
ruh1,ruhaz,BvAxiH,prAxurBAve
ruh1,ruhaz,BvAxiH,bIjajanmani
rUkRa1,rUkRa,curAxiH,pAruRye
rUpa1,rUpa,curAxiH,rUpakriyAyAm
rek1,rekqz,BvAxiH,SafkAyAm
ret1,retqz,BvAxiH,pariBARaNe
rep1,repqz,BvAxiH,gawO
rep1,repqz,BvAxiH,Sabxe
reb1,rebqz,BvAxiH,gawO
reB1,reBqz,BvAxiH,Sabxe
rev1,revqz,BvAxiH,gawO
rev1,revqz,BvAxiH,pluwigawO
reR1,reRqz,BvAxiH,avyakwe_Sabxe
rE1,rE,BvAxiH,Sabxe
rod1,rodqz,BvAxiH,unmAxe
rOd1,rOdqz,BvAxiH,anAxare
lak1,lakaz,curAxiH,AsvAxane
lakR1,lakRaz,curAxiH,afkane
lakR1,lakRaz,curAxiH,Alocane
lakR2,lakRaz,curAxiH,xarSane
laK1,laKaz,BvAxiH,gawO
laK2,laKiz,BvAxiH,gawO
lag3,lagaz,curAxiH,AsvAxane
lag1,lagiz,BvAxiH,gawO
lag2,lagez,BvAxiH,safge
laG1,laGiz,BvAxiH,gawO
laG3,laGiz,curAxiH,BARArWe
laG3,laGiz,curAxiH,BAsArWe
laG1,laGiz,BvAxiH,BojananivqwwO
laG2,laGiz,BvAxiH,SoRaNe
laC1,laCaz,BvAxiH,lakRaNe
laja1,laja,curAxiH,prakASane
laja1,laja,curAxiH,prANane
laj3,ozlajIz,wuxAxiH,vrIdAyAm
laj1,lajaz,BvAxiH,Barjane
laj1,lajaz,BvAxiH,Barwsane
laj4,lajiz,curAxiH,prakASane
laj2,lajiz,BvAxiH,Barjane
laj2,lajiz,BvAxiH,Barwsane
laj4,lajiz,curAxiH,BARArWe
laj4,lajiz,curAxiH,BAsArWe
lat1,lataz,BvAxiH,bAlye
lat2,lataz,curAxiH,BARArWe
lad3,ozladiz,curAxiH,uwkRepaNe
lad2,ladaz,curAxiH,upasevAyAm
lad1,ladaz,BvAxiH,vilAse
lap1,lapaz,BvAxiH,vyakwAyAM_vAci
lab1,labiz,BvAxiH,avasraMsane
lab1,labiz,BvAxiH,Sabxe
laB1,dulaBazR,BvAxiH,prApwO
larb1,larbaz,BvAxiH,gawO
lal1,lalaz,curAxiH,IpsAyAm
laR1,laRaz,BvAxiH,kAnwO
las1,lasaz,BvAxiH,krIdAyAm
las2,lasaz,curAxiH,Silpayoge
las1,lasaz,BvAxiH,SleRaNe
lasj1,ozlasjIz,wuxAxiH,vrIdAyAm
lA1,lA,axAxiH,AxAne
lAK1,lAKqz,BvAxiH,alamarWe
lAK1,lAKqz,BvAxiH,SoRaNe
lAG1,lAGqz,BvAxiH,sAmarWye
lAC1,lACiz,BvAxiH,lakRaNe
lAj1,lAjaz,BvAxiH,Barjane
lAj1,lAjaz,BvAxiH,Barwsane
lAj2,lAjiz,BvAxiH,Barjane
lAj2,lAjiz,BvAxiH,Barwsane
lABa1,lABa,curAxiH,preraNe
liK1,liKaz,wuxAxiH,akRaravinyAse
lig1,ligiz,BvAxiH,gawO
lig2,ligiz,curAxiH,ciwrIkaraNe
lip1,lipaz,wuxAxiH,upaxAhe
lip1,lipaz,wuxAxiH,upaxehe
liS1,liSaz,xivAxiH,alpIBAve
liS2,liSaz,wuxAxiH,gawO
lih1,lihaz,axAxiH,AsvAxane
lI3,lI,curAxiH,xravIkaraNe
lI2,lI,kryAxiH,SleRaNe
lI1,lIf,xivAxiH,SleRaNe
luj1,lujiz,curAxiH,nikewane
luj1,lujiz,curAxiH,balAxAne
luj1,lujiz,curAxiH,BARArWe
luj1,lujiz,curAxiH,BAsArWe
luj1,lujiz,curAxiH,hiMsAyAm
lut1,lutaz,BvAxiH,prawiGAwe
lut6,lutaz,curAxiH,BARArWe
lut6,lutaz,curAxiH,BAsArWe
lut4,lutaz,xivAxiH,vilotane
lut2,lutaz,BvAxiH,vilotane
lut5,lutaz,wuxAxiH,saMSleRaNe
lut3,lutiz,BvAxiH,sweye
luT1,luTaz,BvAxiH,Alasye
luT1,luTaz,BvAxiH,upaGAwe
luT1,luTaz,BvAxiH,prawiGAwe
luT3,luTaz,wuxAxiH,saMSleRaNe
luT2,luTiz,BvAxiH,Alasye
luT2,luTiz,BvAxiH,gawO
luT2,luTiz,BvAxiH,sweye
luNT1,luNTaz,curAxiH,sweye
luW1,luWiz,BvAxiH,safkleSane
luW1,luWiz,BvAxiH,hiMsAyAm
lunc1,luncaz,BvAxiH,apanayane
lup1,lupaz,xivAxiH,vimohane
lup2,lupLz,wuxAxiH,Caxane
lup2,lupLz,wuxAxiH,Cexane
lub2,lubiz,curAxiH,axarSane
lub2,lubiz,curAxiH,arxane
lub1,lubiz,BvAxiH,arxane
luB1,luBaz,xivAxiH,gArxXye
luB2,luBaz,wuxAxiH,vimohane
lU1,lUF,kryAxiH,Cexane
lUR1,lURaz,curAxiH,hiMsAyAm
lep1,lepqz,BvAxiH,gawO
lok1,lokqz,BvAxiH,xarSane
lok2,lokqz,curAxiH,BARArWe
lok2,lokqz,curAxiH,BAsArWe
loc1,locqz,BvAxiH,xarSane
loc2,locqz,curAxiH,BARArWe
loc2,locqz,curAxiH,BAsArWe
lod1,lodqz,BvAxiH,unmAxe
loRt1,loRtaz,BvAxiH,safGAwe
lOd1,lOdqz,BvAxiH,unmAxe
lvI1,lvI,kryAxiH,gawO
vak1,vakiz,BvAxiH,kOtilye
vak1,vakiz,BvAxiH,gawO
vakR1,vakRaz,BvAxiH,roRe
vakR1,vakRaz,BvAxiH,safGAwe
vaK1,vaKaz,BvAxiH,gawO
vaK2,vaKiz,BvAxiH,gawO
vag1,vagiz,BvAxiH,gawO
vaG1,vaGiz,BvAxiH,gawyAkRepe
vac1,vacaz,axAxiH,pariBARaNe
vac2,vacaz,curAxiH,pariBARaNe
vaj2,vajaz,curAxiH,gawO
vaj1,vajaz,BvAxiH,gawO
vaj2,vajaz,curAxiH,mArgasaMskAre
vata1,vata,curAxiH,granWe
vata1,vata,curAxiH,viBAjane
vat1,vataz,BvAxiH,pariBARaNe
vat1,vataz,BvAxiH,veRtane
vat3,vatiz,curAxiH,viBAjane
vat2,vatiz,BvAxiH,viBAjane
vaT1,vaTaz,BvAxiH,sWOlye
vaT2,vaTiz,BvAxiH,ekacaryAyAm
vad2,vadiz,curAxiH,viBAjane
vad1,vadiz,BvAxiH,viBAjane
vad1,vadiz,BvAxiH,veRtane
vaN1,vaNaz,BvAxiH,Sabxe
vax1,vaxaz,BvAxiH,vyakwAyAM_vAci
vax3,vaxaz,curAxiH,sanxeSavacane
vax2,vaxiz,BvAxiH,aBivAxane
vax2,vaxiz,BvAxiH,swuwO
van1,vanaz,BvAxiH,BakwO
van1,vanaz,BvAxiH,Sabxe
van1,vanaz,BvAxiH,samBakwO
van2,vanuz,BvAxiH,anekArWawve
van3,vanuz,wanAxiH,yAFcAyAm
vanc1,vancuz,BvAxiH,gawO
vanc2,vancuz,curAxiH,pralamBane
vap1,duvapaz,BvAxiH,bIjasanwAne
vaBr1,vaBraz,BvAxiH,gawO
vam1,tuvamaz,BvAxiH,uxgiraNe
vay1,vayaz,BvAxiH,gawO
vara1,vara,curAxiH,IpsAyAm
varc1,varcaz,BvAxiH,xIpwO
varNa1,varNa,curAxiH,guNavacane
varNa1,varNa,curAxiH,varNakriyAyAm
varNa1,varNa,curAxiH,viswAre
varN1,varNaz,curAxiH,preraNe
varN1,varNaz,curAxiH,varNane
varX1,varXaz,curAxiH,Cexane
varX1,varXaz,curAxiH,pUraNe
varP1,varPaz,BvAxiH,gawO
varba1,varba,BvAxiH,gawO
varR1,varRaz,BvAxiH,snehane
varh1,varhaz,BvAxiH,xAne
varh1,varhaz,BvAxiH,pariBARaNe
varh2,varhaz,curAxiH,BARArWe
varh1,varhaz,BvAxiH,hiMsAyAm
val1,valaz,BvAxiH,saMvaraNe
val1,valaz,BvAxiH,saFcaraNe
valk1,valkaz,curAxiH,pariBARaNe
valg1,valgaz,BvAxiH,gawO
valB1,valBaz,BvAxiH,Bojane
vall1,vallaz,BvAxiH,saMvaraNe
vall1,vallaz,BvAxiH,saFcaraNe
valh1,valhaz,BvAxiH,xAne
valh1,valhaz,BvAxiH,pariBARaNe
valh1,valhaz,BvAxiH,prAXAnye
valh2,valhaz,curAxiH,BARArWe
valh1,valhaz,BvAxiH,hiMsAyAm
vaS1,vaSaz,axAxiH,kAnwO
vaR1,vaRaz,BvAxiH,hiMsAyAm
vasa1,vasa,curAxiH,nivAse
vas4,vasaz,curAxiH,apaharaNe
vas2,vasaz,axAxiH,AcCAxane
vas4,vasaz,curAxiH,Cexane
vas1,vasaz,BvAxiH,nivAse
vas4,vasaz,curAxiH,snehane
vas3,vasuz,xivAxiH,swamBe
vask1,vaskaz,BvAxiH,gawO
vah1,vahaz,BvAxiH,prApaNe
vah2,vahiz,BvAxiH,vqxXO
vA1,vA,axAxiH,gawO
vA2,vA,curAxiH,gawO
vA1,vA,axAxiH,ganXane
vA2,vA,curAxiH,suKasevane
vAkR1,vAkRiz,BvAxiH,kAfkRAyAm
vAC1,vACiz,BvAxiH,icCAyAm
vAd1,vAdqz,BvAxiH,AplAvye
vAwa1,vAwa,curAxiH,suKe
vAwa1,vAwa,curAxiH,sevane
vAvqw1,vAvqwuz,xivAxiH,varaNe
vAS1,vASqz,xivAxiH,Sabxe
vAsa1,vAsa,curAxiH,upasevAyAm
vAh1,vAhqz,BvAxiH,prayawne
vic1,vicizr,ruXAxiH,pqWagBAve
viC1,viCaz,wuxAxiH,gawO
viC2,viCaz,curAxiH,BARArWe
viC2,viCaz,curAxiH,BAsArWe
vij2,ozvijIz,wuxAxiH,calane
vij2,ozvijIz,wuxAxiH,Baye
vij1,vijizr,juhowyAxiH,pqWagBAve
vit1,vitaz,BvAxiH,AkroSe
vit1,vitaz,BvAxiH,Sabxe
viwwa1,viwwa,curAxiH,samuwsarge
viW1,viWqz,BvAxiH,yAFcAyAm
vix5,vixaz,curAxiH,AKyAne
vix5,vixaz,curAxiH,cewane
vix1,vixaz,axAxiH,jFAne
vix5,vixaz,curAxiH,nivAse
vix4,vixaz,ruXAxiH,vicAraNe
vix5,vixaz,curAxiH,vivAxe
vix5,vixaz,curAxiH,vexanAyAm
vix2,vixaz,xivAxiH,sawwAyAm
vix3,vixLz,wuxAxiH,lABe
viX1,viXaz,wuxAxiH,viXAne
vil2,vilaz,curAxiH,kRepe
vil1,vilaz,wuxAxiH,saMvaraNe
viS1,viSaz,wuxAxiH,praveSane
viR3,viRaz,kryAxiH,viprayoge
viR1,viRuz,BvAxiH,secane
viR1,viRuz,BvAxiH,sevane
viR2,viRLz,juhowyAxiH,vyApwO
viRka1,viRka,curAxiH,xarSane
viRk1,viRkaz,curAxiH,hiMsAyAm
vis1,visaz,xivAxiH,preraNe
vI1,vI,axAxiH,asane
vI1,vI,axAxiH,kAnwO
vI1,vI,axAxiH,KAxane
vI1,vI,axAxiH,gawO
vI1,vI,axAxiH,prajane
vIra1,vIra,curAxiH,vikrAnwO
vug1,vugiz,BvAxiH,varjane
vq2,vqf,kryAxiH,samBakwO
vq3,vqF,curAxiH,AvaraNe
vq1,vqF,svAxiH,varaNe
vqk1,vqkaz,BvAxiH,AxAne
vqkR1,vqkRaz,BvAxiH,varaNe
vqj1,vqjaz,BvAxiH,gawO
vqj2,vqjIz,axAxiH,varjane
vqj4,vqjIz,curAxiH,varjane
vqj3,vqjIz,ruXAxiH,varjane
vqw3,vqwuz,curAxiH,BARArWe
vqw3,vqwuz,curAxiH,BAsArWe
vqw2,vqwuz,xivAxiH,varaNe
vqw1,vqwuz,BvAxiH,varwane
vqX2,vqXuz,curAxiH,BARArWe
vqX2,vqXuz,curAxiH,BAsArWe
vqX1,vqXuz,BvAxiH,vqxXO
vqS1,vqSaz,xivAxiH,varaNe
vqR2,vqRaz,curAxiH,SakwibanXane
vqR3,vqRuz,curAxiH,SakwisambanXe
vqR1,vqRuz,BvAxiH,secane
vqh1,vqhaz,BvAxiH,vqxXO
vqh4,vqhiz,curAxiH,BARArWe
vqh2,vqhiz,BvAxiH,vqxXO
vqh2,vqhiz,BvAxiH,Sabxe
vqh3,vqhUz,wuxAxiH,uxyamane
vQ2,vQ,kryAxiH,BaraNe
vQ2,vQ,kryAxiH,varaNe
vQ1,vQF,kryAxiH,varaNe
ve1,veF,BvAxiH,wanwusanwAne
veN1,veNqz,BvAxiH,gawO
veN1,veNqz,BvAxiH,cinwAyAm
veN1,veNqz,BvAxiH,jFAne
veN1,veNqz,BvAxiH,niSAmane
veN1,veNqz,BvAxiH,vAxiwragrahaNe
veW1,veWqz,BvAxiH,yAFcAyAm
vep1,tuvepqz,BvAxiH,kampane
vela1,vela,curAxiH,kAlopaxeSe
vela1,vela,curAxiH,kAlopayoge
vel1,velqz,BvAxiH,calane
vell1,vellaz,BvAxiH,calane
vell2,vellqz,BvAxiH,calane
vevI1,vevIf,axAxiH,vewinA_wulye
veRt1,veRtaz,BvAxiH,veRtane
veh1,vehqz,BvAxiH,prayawne
vE1,ozvE,BvAxiH,SoRaNe
vyac1,vyacaz,wuxAxiH,vyAjIkaraNe
vyac1,vyacaz,wuxAxiH,samBave
vyaj1,vyajaz,wuxAxiH,vyAjIkaraNe
vyaW1,vyaWaz,BvAxiH,calane
vyaW1,vyaWaz,BvAxiH,Baye
vyaW1,vyaWaz,BvAxiH,saFcalane
vyaX1,vyaXaz,xivAxiH,wAdane
vyaya1,vyaya,curAxiH,gawO
vyaya1,vyaya,curAxiH,viwwasamuwsarge
vyay2,vyayaz,curAxiH,kRaye
vyay1,vyayaz,BvAxiH,gawO
vyuR1,vyuRaz,xivAxiH,xAhe
vyuR1,vyuRaz,xivAxiH,viBAge
vye1,vyeF,BvAxiH,saMvaraNe
vraj2,vrajaz,curAxiH,gawO
vraj1,vrajaz,BvAxiH,gawO
vraj2,vrajaz,curAxiH,mArgasaMskAre
vraNa1,vraNa,curAxiH,gAwravicUrNane
vraN1,vraNaz,BvAxiH,Sabxe
vrasc1,ozvrascUz,wuxAxiH,Cexane
vrI2,vrI,kryAxiH,varaNe
vrI1,vrIf,xivAxiH,vqNowyarWe
vrId1,vrIdaz,xivAxiH,coxane
vrud1,vrudaz,wuxAxiH,saMvaraNe
vlI1,vlI,kryAxiH,varaNe
Sak2,Sakaz,xivAxiH,viBARiwo_marRaNe
Sak1,Sakiz,BvAxiH,SafkAyAm
Sak3,SakLz,svAxiH,SakwO
Sac1,Sacaz,BvAxiH,vyakwAyAM_vAci
Sat1,Sataz,BvAxiH,avasAxane
Sat1,Sataz,BvAxiH,gawO
Sat1,Sataz,BvAxiH,rujAyAm
Sat1,Sataz,BvAxiH,viSaraNe
SaTa1,SaTa,curAxiH,samyagABARaNe
SaT2,SaTaz,curAxiH,asaMskAre
SaT1,SaTaz,BvAxiH,kEwave
SaT2,SaTaz,curAxiH,gawO
SaT2,SaTaz,curAxiH,SlAGAyAm
SaT1,SaTaz,BvAxiH,safkleSane
SaT1,SaTaz,BvAxiH,hiMsAyAm
Sad1,Sadiz,BvAxiH,rujAyAm
Sad1,Sadiz,BvAxiH,safGAwe
SaN1,SaNaz,BvAxiH,gawO
SaN1,SaNaz,BvAxiH,xAne
Sax2,SaxLz,wuxAxiH,SAwane
Sax1,SaxLz,BvAxiH,SAwane
Sanb1,Sanbaz,curAxiH,sambanXe
Sans1,Sansuz,BvAxiH,swuwO
Sap2,Sapaz,xivAxiH,AkroSe
Sap1,Sapaz,BvAxiH,AkroSe
Sabx1,Sabxaz,curAxiH,upasargAxAviRkAre
Sabx1,Sabxaz,curAxiH,SabxakriyAyAm
Sam2,Samaz,curAxiH,Alocane
Sam1,Samuz,xivAxiH,upaSamane
Sarb1,Sarbaz,BvAxiH,gawO
Sarv1,Sarvaz,BvAxiH,hiMsAyAm
Sal2,Salaz,BvAxiH,ASugamane
Sal2,Salaz,BvAxiH,gawO
Sal1,Salaz,BvAxiH,calane
Sal1,Salaz,BvAxiH,saMvaraNe
SalB1,SalBaz,BvAxiH,kawWane
Sav1,Savaz,BvAxiH,gawO
SaS1,SaSaz,BvAxiH,pluwagawO
SaR1,SaRaz,BvAxiH,hiMsAyAm
Sas1,Sasuz,BvAxiH,hiMsAyAm
SAK1,SAKqz,BvAxiH,vyApwO
SAd1,SAdqz,BvAxiH,SlAGAyAm
SAn1,SAnaz,BvAxiH,wejane
SAra1,SAra,curAxiH,xOrbalye
SAs1,SAsuz,axAxiH,anuSiRtO
Si1,SiF,svAxiH,niSAne
SikR1,SikRaz,BvAxiH,vixyopAxAne
SiG1,SiGiz,BvAxiH,AGrANe
Sij1,Sijiz,axAxiH,avyakwe_Sabxe
Sit1,Sitaz,BvAxiH,anAxare
Sil1,Silaz,wuxAxiH,uFCe
SiR3,SiRaz,curAxiH,asarvopayoge
SiR1,SiRaz,BvAxiH,hiMsAyAm
SiR2,SiRLz,ruXAxiH,viSeRaNe
SI1,SIf,axAxiH,svapne
SIk2,SIkaz,curAxiH,AmarRaNe
SIk2,SIkaz,curAxiH,BARArWe
SIk2,SIkaz,curAxiH,marRaNe
SIk1,SIkqz,BvAxiH,gawO
SIk1,SIkqz,BvAxiH,secane
SIB1,SIBqz,BvAxiH,kawWane
SIla1,SIla,curAxiH,upaXAraNe
SIl1,SIlaz,BvAxiH,nimeRaNe
SIl1,SIlaz,BvAxiH,samAXO
Su1,Su,BvAxiH,gawO
Suk1,Sukaz,BvAxiH,gawO
Sukl1,Suklaz,curAxiH,awisparSane
Suc2,IzSucizr,xivAxiH,pUwIBAve
Suc1,Sucaz,BvAxiH,Soke
Sucy1,Sucyaz,BvAxiH,aBiRave
Sucy2,SucyIz,BvAxiH,aBiRave
SuT3,SuTaz,curAxiH,Alasye
SuT1,SuTaz,BvAxiH,gawiprawiGAwe
SuT2,SuTiz,BvAxiH,gawiprawiGAwe
SuT4,SuTiz,curAxiH,SoRaNe
SuT2,SuTiz,BvAxiH,SoRaNe
SuX1,SuXaz,xivAxiH,SOce
Sun1,Sunaz,wuxAxiH,gawO
SunX1,SunXaz,BvAxiH,SuxXO
SunX2,SunXaz,curAxiH,SOcakarmaNi
SunB1,SunBaz,BvAxiH,BARaNe
SunB2,SunBaz,wuxAxiH,SoBArWe
SunB1,SunBaz,BvAxiH,hiMsAyAm
SuB1,SuBaz,BvAxiH,xIpwO
SuB1,SuBaz,BvAxiH,BARaNe
SuB2,SuBaz,wuxAxiH,SoBArWe
SuB1,SuBaz,BvAxiH,hiMsAyAm
Sulk1,Sulkaz,curAxiH,sarjane
Sulb1,Sulbaz,curAxiH,mAne
SuR1,SuRaz,xivAxiH,SoRaNe
SUra1,SUra,curAxiH,vikrAnwO
SUr1,SUrIz,xivAxiH,swamBe
SUr1,SUrIz,xivAxiH,hiMsAyAm
SUrp1,SUrpaz,curAxiH,mAne
SUl1,SUlaz,BvAxiH,rujAyAm
SUl1,SUlaz,BvAxiH,safGAwe
SUR1,SURaz,BvAxiH,prasave
SqX4,SqXaz,curAxiH,aprasahane
SqX2,SqXuz,BvAxiH,unxe
SqX3,SqXuz,curAxiH,prasahane
SqX2,SqXuz,BvAxiH,SabxakuwsAyAm
SqX1,SqXqz,BvAxiH,unxe
SQ1,SQ,kryAxiH,hiMsAyAm
SQ1,SQF,kryAxiH,hiMsAyAm
Sel1,Selqz,BvAxiH,gawO
Sev1,Sevqz,BvAxiH,secane
Sev1,Sevqz,BvAxiH,sevane
SE1,SE,BvAxiH,pAke
So1,So,xivAxiH,wanUkaraNe
SoN1,SoNqz,BvAxiH,gawO
SoN1,SoNqz,BvAxiH,varNe
SOt1,SOtqz,BvAxiH,garve
Scyuw1,Scyuwizr,BvAxiH,kRaraNe
SmIl1,SmIlaz,BvAxiH,nimeRaNe
SyE1,SyEf,BvAxiH,gawO
Srak1,Srakiz,BvAxiH,gawO
Srag1,Sragiz,BvAxiH,gawO
SraN1,SraNaz,BvAxiH,gawO
SraN2,SraNaz,curAxiH,xAne
SraN1,SraNaz,BvAxiH,xAne
SraN3,SraNuz,curAxiH,xAne
SraWa1,SraWa,curAxiH,xOrbalye
SraW3,SraWaz,curAxiH,prawiyawne
SraW3,SraWaz,curAxiH,prawiharRe
SraW3,SraWaz,curAxiH,prayawne
SraW3,SraWaz,curAxiH,mokRaNe
SraW3,SraWaz,curAxiH,hiMsAyAm
SraW2,SraWaz,BvAxiH,hiMsAyAm
SraW1,SraWiz,BvAxiH,SEWilye
SranW1,SranWaz,kryAxiH,prawiharRe
SranW1,SranWaz,kryAxiH,mocane
SranW1,SranWaz,kryAxiH,vimocane
SranW1,SranWaz,kryAxiH,sanxarBe
SranW2,SranWaz,curAxiH,sanxarBe
SranW1,SranWaz,kryAxiH,harRe
SranB1,SranBuz,BvAxiH,pramAxe
Sram1,Sramuz,xivAxiH,Kexe
Sram1,Sramuz,xivAxiH,wapasi
SrA2,SrA,axAxiH,pAke
SrA1,SrA,BvAxiH,pAke
Sri1,SriF,BvAxiH,sevAyAm
SriR1,SriRuz,BvAxiH,xAhe
SrI1,SrIF,kryAxiH,pAke
Sru1,Sru,BvAxiH,gawO
Sru1,Sru,BvAxiH,SravaNe
Srek1,Srekqz,BvAxiH,gawO
SrE1,SrE,BvAxiH,pAke
SroN1,SroNqz,BvAxiH,gawiprawiGAwe
SroN1,SroNqz,BvAxiH,safGAwe
Slak1,Slakiz,BvAxiH,gawO
Slag1,Slagiz,BvAxiH,gawO
SlaW1,SlaWaz,BvAxiH,hiMsAyAm
SlAK1,SlAKqz,BvAxiH,vyApwO
SlAG1,SlAGqz,BvAxiH,kawWane
SliR3,SliRaz,curAxiH,Alifgane
SliR2,SliRaz,xivAxiH,Alifgane
SliR3,SliRaz,curAxiH,SleRaNe
SliR1,SliRuz,BvAxiH,xAhe
SleR1,SleRqz,BvAxiH,gawO
Slok1,Slokqz,BvAxiH,safGAwe
SloN1,SloNqz,BvAxiH,gawiprawiGAwe
SloN1,SloNqz,BvAxiH,safGAwe
Svak1,Svakiz,BvAxiH,gawO
Svag1,Svagiz,BvAxiH,gawO
Svac1,Svacaz,BvAxiH,gawO
Svac2,Svaciz,BvAxiH,gawO
SvaTa1,SvaTa,curAxiH,samyagABARaNe
SvaT1,SvaTaz,curAxiH,asaMskAre
SvaT1,SvaTaz,curAxiH,gawO
SvaBr1,SvaBraz,curAxiH,gawyAm
Svarw1,Svarwaz,curAxiH,gawyAm
Sval1,Svalaz,BvAxiH,ASugamane
Svalk1,Svalkaz,curAxiH,pariBARaNe
Svall1,Svallaz,BvAxiH,ASugamane
Svas1,Svasaz,axAxiH,prANane
Svi1,tuozSvi,BvAxiH,gawO
Svi1,tuozSvi,BvAxiH,vqxXO
Sviw1,SviwAz,BvAxiH,varNe
Svix1,Svixiz,BvAxiH,SvEwye
Svel1,Svelqz,BvAxiH,calane
Rag1,Ragez,BvAxiH,saMvaraNe
RaG1,RaGaz,svAxiH,hiMsAyAm
Rac2,Racaz,BvAxiH,samavAye
Rac1,Racaz,BvAxiH,secane
Rat1,Rataz,BvAxiH,avayave
RaN1,RaNaz,BvAxiH,BakwO
RaN1,RaNaz,BvAxiH,samBakwO
RaN2,RaNuz,wanAxiH,xAne
Rawt1,Rawtaz,curAxiH,hiMsAyAm
Rax2,RaxLz,wuxAxiH,avasAxane
Rax1,RaxLz,BvAxiH,avasAxane
Rax2,RaxLz,wuxAxiH,gawO
Rax1,RaxLz,BvAxiH,gawO
Rax2,RaxLz,wuxAxiH,viSaraNe
Rax1,RaxLz,BvAxiH,viSaraNe
Ranj1,Ranjaz,BvAxiH,safge
Ranb1,Ranbaz,curAxiH,sambanXe
Rap1,Rapaz,BvAxiH,samavAye
Ram1,Ramaz,BvAxiH,avEklavye
Ram1,Ramaz,BvAxiH,vEklavye
Rarj1,Rarjaz,BvAxiH,arjane
Rarb1,Rarbaz,BvAxiH,gawO
Rarv1,Rarvaz,BvAxiH,hiMsAyAm
Ral1,Ralaz,BvAxiH,gawO
Ras1,Rasaz,axAxiH,svapne
Rasj1,Rasjaz,BvAxiH,gawO
Rasw1,Raswiz,axAxiH,svapne
Rah3,Rahaz,curAxiH,marRaNe
Rah1,Rahaz,BvAxiH,marRaNe
Rah2,Rahaz,xivAxiH,SakyarWe
RAX1,RAXaz,svAxiH,saMsixXO
RAnwv1,RAnwvaz,curAxiH,sAmaprayoge
Ri2,RiF,kryAxiH,banXane
Ri1,RiF,svAxiH,banXane
Ric1,Ricaz,wuxAxiH,kRaraNe
Rit1,Ritaz,BvAxiH,anAxare
RiX2,RiXuz,BvAxiH,gawyAm
RiX3,RiXuz,xivAxiH,saMrAxXO
RiX1,RiXUz,BvAxiH,mAfgalye
RiX1,RiXUz,BvAxiH,SAswre
Ril1,Rilaz,wuxAxiH,uFCe
Riv1,Rivuz,xivAxiH,wanwusanwAne
Ru2,Ru,axAxiH,ESvarye
Ru1,Ru,BvAxiH,ESvarye
Ru1,Ru,BvAxiH,gawO
Ru2,Ru,axAxiH,prasave
Ru1,Ru,BvAxiH,prasave
Ru3,RuF,svAxiH,aBiRave
Ruwt1,Ruwtaz,curAxiH,anAxare
Rur1,Ruraz,wuxAxiH,ESvarye
Rur1,Ruraz,wuxAxiH,xIpwO
Ruh1,Ruhaz,xivAxiH,cakyarWe
Ruh1,Ruhaz,xivAxiH,SakyarWe
RU3,RU,wuxAxiH,preraNe
RU1,RUf,axAxiH,prANigarBavimocane
RU2,RUf,xivAxiH,prANiprasave
RUx2,RUxaz,curAxiH,AsravaNe
RUx2,RUxaz,curAxiH,kRaraNe
RUx1,RUxaz,BvAxiH,kRaraNe
RUrkR1,RUrkRaz,BvAxiH,anAxare
RUrkRy1,RUrkRyaz,BvAxiH,IrRyAyAm
RUR1,RURaz,BvAxiH,prasave
RqX1,RqXqz,BvAxiH,unxe
RqnB1,RqnBuz,BvAxiH,hiMsAyAm
RqB1,RqBuz,BvAxiH,hiMsAyAm
Reb1,Rebqz,BvAxiH,sevane
Rev1,Revqz,BvAxiH,secane
Rev1,Revqz,BvAxiH,sevane
RE1,RE,BvAxiH,kRaye
Ro1,Ro,xivAxiH,anwakarmaNi
RkaB1,RkaBiz,BvAxiH,prawibanXe
RtIm1,RtImaz,xivAxiH,ArxrIBAve
Rtuc1,Rtucaz,BvAxiH,prasAxe
RtuB1,RtuBuz,BvAxiH,swamBe
RtqkR1,RtqkRaz,BvAxiH,gawO
RtyE1,RtyE,BvAxiH,Sabxe
RtyE1,RtyE,BvAxiH,safGAwe
RTA1,RTA,BvAxiH,gawinivqwwO
RTiv2,RTivuz,xivAxiH,nirasane
RTiv1,RTivuz,BvAxiH,nirasane
RNE1,RNE,BvAxiH,veRtane
Rwak1,Rwakaz,BvAxiH,prawiGAwe
Rwan1,Rwanaz,BvAxiH,Sabxe
RwaB1,RwaBiz,BvAxiH,prawibanXe
Rwam1,Rwamaz,BvAxiH,avEklavye
Rwam1,Rwamaz,BvAxiH,vEklavye
RwiG1,RwiGaz,svAxiH,Askanxane
Rwip1,Rwipqz,BvAxiH,kRaraNe
Rwim1,Rwimaz,xivAxiH,ArxrIBAve
RwIm1,RwImaz,xivAxiH,ArxrIBAve
Rwu1,RwuF,axAxiH,swuwO
Rwuc1,Rwucaz,BvAxiH,prasAxe
RwuB1,RwuBuz,BvAxiH,swamBe
RwUp1,RwUpaz,curAxiH,samucCrAye
Rwep1,Rwepqz,BvAxiH,kRaraNe
RwE1,RwE,BvAxiH,veRtane
RWag1,RWagez,BvAxiH,saMvaraNe
RWal1,RWalaz,BvAxiH,sWAne
RWA1,RWA,BvAxiH,gawinivqwwO
RWud1,RWudaz,wuxAxiH,saMvaraNe
Rnas1,Rnasuz,xivAxiH,nirasane
RnA1,RnA,axAxiH,SOce
Rnih1,Rnihaz,xivAxiH,prIwO
Rnih2,Rnihaz,curAxiH,snehane
Rnu1,Rnu,axAxiH,prasravaNe
Rnusa1,Rnusa,xivAxiH,nirasane
Rnus1,Rnusuz,xivAxiH,axane
Rnuh1,Rnuhaz,xivAxiH,uxgiraNe
RnE1,RnE,BvAxiH,veRtane
Rmi1,Rmif,BvAxiH,IRaxXasane
Rvakk1,Rvakkaz,BvAxiH,gawO
Rvakv1,Rvakvaz,BvAxiH,gawO
Rvax2,Rvaxaz,curAxiH,AsvAxane
Rvax1,Rvaxaz,BvAxiH,AsvAxane
Rvax2,Rvaxaz,curAxiH,saMvaraNe
Rvanj1,Rvanjaz,BvAxiH,pariRvafge
Rvap1,FiRvapaz,axAxiH,Saye
RvaRk1,RvaRkaz,BvAxiH,gawO
RvixA1,RvixA,xivAxiH,gAwraprakRaraNe
Rvix2,FiRvixAz,xivAxiH,gAwraprakRaraNe
Rvix1,FiRvixAz,BvAxiH,gAwraprasravaNe
Rvix1,FiRvixAz,BvAxiH,mocane
Rvix1,FiRvixAz,BvAxiH,snehane
saMgrAm1,saMgrAmaz,curAxiH,yuxXe
safkewa1,safkewa,curAxiH,AmanwraNe
sawra1,sawra,curAxiH,sanwAnakriyAyAm
saBAja1,saBAja,curAxiH,xarSane
saBAja1,saBAja,curAxiH,prIwO
sarj1,sarjaz,BvAxiH,arjane
sarb1,sarbaz,BvAxiH,gawO
sal1,salaz,BvAxiH,gawO
sAX1,sAXaz,svAxiH,saMsixXO
sAnwv1,sAnwvaz,curAxiH,sAmaprayoge
sAnb1,sAnbaz,curAxiH,sambanXe
sAma1,sAma,curAxiH,sAnwvaprayoge
sAra1,sAra,curAxiH,xOrbalye
suKa1,suKa,curAxiH,wawkriyAyAm
sUca1,sUca,curAxiH,pESunye
sUwra1,sUwra,curAxiH,vimocane
sUwra1,sUwra,curAxiH,veRtane
sUrkR1,sUrkRaz,BvAxiH,Axare
sUrkRy1,sUrkRyaz,BvAxiH,anAxare
sUrkRy1,sUrkRyaz,BvAxiH,IrRyAyAm
sq2,sq,juhowyAxiH,gawO
sq1,sq,BvAxiH,gawO
sqj2,sqjaz,wuxAxiH,visarge
sqj1,sqjaz,xivAxiH,visarge
sqnB1,sqnBuz,BvAxiH,hiMsAyAm
sqp1,sqpLz,BvAxiH,gawO
sqB1,sqBuz,BvAxiH,hiMsAyAm
sek1,sekqz,BvAxiH,gawO
sev1,sevqz,BvAxiH,sevane
sE1,sE,BvAxiH,kRaye
skanx1,skanxizr,BvAxiH,gawO
skanx1,skanxizr,BvAxiH,SoRaNe
skaB1,skaBiz,BvAxiH,prawibanXe
sku1,skuF,kryAxiH,ApravaNe
skux1,skuxiz,BvAxiH,ApravaNe
sKax1,sKaxaz,BvAxiH,sKaxane
sKal1,sKalaz,BvAxiH,saFcalane
swak1,swakaz,BvAxiH,prawiGAwe
swana1,swana,curAxiH,xevaSabxe
swan1,swanaz,BvAxiH,Sabxe
swip1,swipaz,curAxiH,kRepe
swim1,swimaz,xivAxiH,ArxrIBAve
swup1,swupaz,curAxiH,samucCrAye
swUp1,swUpaz,xivAxiH,samucCrAye
swq1,swqF,svAxiH,AcCAxane
swqkR1,swqkRaz,BvAxiH,gawO
swqnhU1,swqnhU,wuxAxiH,hiMsAyAm
swqh1,swqhUz,wuxAxiH,hiMsAyAm
swQ1,swQF,kryAxiH,AcCAxane
swena1,swena,curAxiH,cOrye
swoma1,swoma,curAxiH,SlAGAyAm
swyE1,swyE,BvAxiH,Sabxe
swyE1,swyE,BvAxiH,safGAwe
sWag1,sWagez,BvAxiH,saMvaraNe
sWal1,sWalaz,BvAxiH,sWAne
sWud1,sWudaz,wuxAxiH,saMvaraNe
sWUla1,sWUla,curAxiH,paribqMhaNe
snit1,snitaz,curAxiH,snehane
spax1,spaxiz,BvAxiH,kiFciccalane
sparX1,sparXaz,BvAxiH,safGarRe
spaS2,spaSaz,curAxiH,grahaNe
spaS1,spaSaz,BvAxiH,bAXane
spaS2,spaSaz,curAxiH,SleRaNe
spaS2,spaSaz,curAxiH,saMSleRaNe
spaS1,spaSaz,BvAxiH,sparSe
spud1,spudiz,curAxiH,parihAse
spq1,spq,svAxiH,pAlane
spq1,spq,svAxiH,prIwO
spqS1,spqSaz,wuxAxiH,sparSe
spqha1,spqha,curAxiH,IpsAyAm
sPat1,sPatiz,BvAxiH,viSaraNe
sPar1,sParaz,wuxAxiH,calane
sPal1,sPalaz,wuxAxiH,calane
sPAy1,sPAyIz,BvAxiH,vqxXO
sPit1,sPitaz,curAxiH,anAxare
sPit1,sPitaz,curAxiH,hiMsAyAm
sPiwt1,sPiwtaz,curAxiH,hiMsAyAm
sPut4,sPutaz,curAxiH,Bexane
sPut3,sPutaz,wuxAxiH,vikasane
sPut1,sPutaz,BvAxiH,vikasane
sPut2,sPutizr,BvAxiH,viSaraNe
sPud2,sPudaz,wuxAxiH,saMvaraNe
sPud3,sPudiz,curAxiH,parihAse
sPud1,sPudiz,BvAxiH,vikasane
sPur1,sPuraz,wuxAxiH,calane
sPur1,sPuraz,wuxAxiH,xIpwO
sPur1,sPuraz,wuxAxiH,saFcalane
sPur1,sPuraz,wuxAxiH,sPuraNe
sPurC1,sPurCAz,BvAxiH,viswqwO
sPul1,sPulaz,wuxAxiH,calane
sPul1,sPulaz,wuxAxiH,saFcaye
sPul1,sPulaz,wuxAxiH,saFcalane
sPUrj1,tuozsPUrjAz,BvAxiH,vajranirGoRe
smi1,smif,BvAxiH,IRaxXasane
smit1,smitaz,curAxiH,anAxare
smIl1,smIlaz,BvAxiH,nimeRaNe
smurC1,smurCAz,BvAxiH,vismqwO
smq1,smq,BvAxiH,AXyAne
smq1,smq,BvAxiH,cinwAyAm
smq2,smq,svAxiH,prIwO
smq2,smq,svAxiH,balane
syanx1,syanxUz,BvAxiH,prasravaNe
syanx1,syanxUz,BvAxiH,sravaNe
syam2,syamaz,curAxiH,viwarke
syam1,syamuz,BvAxiH,Sabxe
srak1,srakiz,BvAxiH,gawO
sranB1,sranBuz,BvAxiH,pramAxe
sranB1,sranBuz,BvAxiH,viSvAse
srans1,sransuz,BvAxiH,aXaHpawane
srans1,sransuz,BvAxiH,avasraMsane
srans1,sransuz,BvAxiH,pramAxe
sriv1,srivuz,xivAxiH,gawO
sriv1,srivuz,xivAxiH,SoRaNe
sru1,sru,BvAxiH,gawO
srek1,srekqz,BvAxiH,gawO
srE1,srE,BvAxiH,pAke
svax1,svaxaz,curAxiH,AsvAxane
svan1,svanaz,BvAxiH,Sabxe
svara1,svara,curAxiH,AkRepe
svarw1,svarwaz,curAxiH,kqcCrajIvane
svarw1,svarwaz,curAxiH,gawyAm
svarx1,svarxaz,BvAxiH,AsvAxane
svAx1,svAxaz,BvAxiH,AsvAxane
svq1,svq,BvAxiH,upawApe
svq1,svq,BvAxiH,Sabxe
svQ1,svQ,kryAxiH,hiMsAyAm
hag1,hagez,BvAxiH,saMvaraNe
hat1,hataz,BvAxiH,xIpwO
haT1,haTaz,BvAxiH,pluwO
haT1,haTaz,BvAxiH,SafkubanXane
haT1,haTaz,BvAxiH,SaTawve
hax1,haxaz,BvAxiH,purIRowsarge
han1,hanaz,axAxiH,gawO
han1,hanaz,axAxiH,hiMsAyAm
hamm1,hammaz,BvAxiH,gawO
hay1,hayaz,BvAxiH,kAnwO
hay1,hayaz,BvAxiH,gawO
hary1,haryaz,BvAxiH,kAnwO
hary1,haryaz,BvAxiH,gawO
hal1,halaz,BvAxiH,vileKane
has1,hasaz,BvAxiH,Sabxe
has2,hasez,BvAxiH,hasane
hA2,ozhAk,juhowyAxiH,wyAge
hA1,ozhAf,juhowyAxiH,gawO
hi1,hi,svAxiH,gawO
hi1,hi,svAxiH,vqxXO
hikk1,hikkaz,BvAxiH,avyakwe_Sabxe
hid1,hidiz,BvAxiH,anAxare
hid1,hidiz,BvAxiH,gawO
hil1,hilaz,wuxAxiH,BAvakaraNe
hil1,hilaz,wuxAxiH,hAvakaraNe
hiv1,hiviz,BvAxiH,prINane
hiRk1,hiRkaz,curAxiH,hiMsAyAm
his2,hisiz,curAxiH,hiMsAyAm
his1,hisiz,ruXAxiH,hiMsAyAm
hu1,hu,juhowyAxiH,axane
hu1,hu,juhowyAxiH,xAne
hud3,hudaz,wuxAxiH,nimajjane
hud3,hudaz,wuxAxiH,safGAwe
hud3,hudaz,wuxAxiH,sahane
hud1,hudiz,BvAxiH,varaNe
hud1,hudiz,BvAxiH,safGAwe
hud1,hudiz,BvAxiH,haraNe
hud2,hudqz,BvAxiH,gawO
hurC1,hurCAz,BvAxiH,kOtilye
hul1,hulaz,BvAxiH,gawO
hul1,hulaz,BvAxiH,saMvaraNe
hul1,hulaz,BvAxiH,hiMsAyAm
hUd1,hUdqz,BvAxiH,gawO
hq2,hq,juhowyAxiH,prasahyakaraNe
hq1,hqF,BvAxiH,haraNe
hqR2,hqRaz,xivAxiH,wuRtO
hqR1,hqRuz,BvAxiH,alIke
heT2,heTaz,kryAxiH,BUwaprAxurBAve
heT1,heTaz,BvAxiH,vibAXAyAm
hed2,hedaz,BvAxiH,vibAXAyAm
hed2,hedaz,BvAxiH,veRtane
hed1,hedqz,BvAxiH,anAxare
heR1,heRqz,BvAxiH,avyakwe_Sabxe
hod1,hodqz,BvAxiH,anAxare
hod1,hodqz,BvAxiH,gawO
hOd1,hOdqz,BvAxiH,gawO
hnu1,hnuf,axAxiH,apanayane
hmal1,hmalaz,BvAxiH,calane
hrag1,hragez,BvAxiH,saMvaraNe
hras1,hrasaz,BvAxiH,Sabxe
hrAx1,hrAxaz,BvAxiH,avyakwe_Sabxe
hrI1,hrI,juhowyAxiH,lajjAyAm
hrIC1,hrICaz,BvAxiH,lajjAyAm
hreR1,hreRqz,BvAxiH,gawO
hlag1,hlagez,BvAxiH,saMvaraNe
hlap1,hlapaz,curAxiH,vyakwAyAM_vAci
hlas1,hlasaz,BvAxiH,Sabxe
hlAx1,hlAxIz,BvAxiH,avyakwe_Sabxe
hlAx1,hlAxIz,BvAxiH,suKe
hval1,hvalaz,BvAxiH,calane
hvq1,hvq,BvAxiH,kOtilye
hve1,hveF,BvAxiH,Sabxe
hve1,hveF,BvAxiH,sparXAyAm
Q1,Q,kryAxiH,gawO
